,up,down,left,right
"(1, 1)",-inf,-858579147.453406,-inf,5.63109340535635e+285
"(1, 2)",-inf,-inf,-1136472109.946423,6.694734894440253e+286
"(1, 3)",-inf,-1544328482.5499914,6.792667016448587e+248,6.764017033388322e+287
"(1, 4)",-inf,-inf,-1805013460.3826437,4.7535628387368125e+287
"(1, 5)",-inf,3.2510188070199746e+287,-2032927872.4385483,-inf
"(1, 7)",-inf,-inf,-inf,1.0768883541921548e+281
"(1, 8)",-inf,-inf,-76359128.7715707,2.9172911611250614e+282
"(1, 9)",-inf,-inf,-120958537.47188106,3.642181497711792e+283
"(1, 10)",-inf,-inf,-194948647.49436897,2.787850823245069e+284
"(1, 11)",-inf,-334825532.4507036,9.333054188966468e+249,1.4581682906876585e+285
"(1, 12)",-inf,-inf,-439357285.79913807,3.186060526864479e+284
"(1, 13)",-inf,-inf,-571674426.399427,6.195185877319723e+283
"(1, 14)",-inf,-inf,-734897996.1158239,1.0591840573092748e+283
"(1, 15)",-inf,-inf,-924870134.8902588,1.5673350511576564e+282
"(1, 16)",-inf,-inf,-1151683400.4377043,1.966670248505773e+281
"(1, 17)",-inf,-inf,-1417927339.4601865,2.034709089662838e+280
"(1, 18)",-inf,-inf,-1718603856.0281806,1.666289625424489e+279
"(1, 19)",-inf,-inf,-2052177691.989648,1.0127437990565273e+278
"(1, 20)",-inf,-inf,-2399452771.280253,4.060931922719188e+276
"(1, 21)",-inf,8.143229333350489e+274,-2760109440.245842,-inf
"(1, 23)",-inf,3.4546746068699006e+136,-inf,-7645738.144320374
"(1, 24)",-inf,-inf,1.7071185884822124e+135,-5223041.154027376
"(1, 25)",-inf,-inf,3.896874127613784e+133,-inf
"(1, 27)",-inf,-23522017.86766076,-inf,1.753402567122957e+142
"(1, 28)",-inf,-inf,-20654083.68280014,3.68898053045643e+142
"(1, 29)",-inf,6.553505587509964e+142,-17830882.002774466,-inf
"(1, 31)",-inf,-11526511.047579965,-inf,4.3179891471339315e+142
"(1, 32)",-inf,-inf,-14718822.23824279,1.963299921019555e+142
"(1, 33)",-inf,-inf,-17193932.78650185,7.37240398576821e+141
"(1, 34)",-inf,-inf,-22663052.491366666,2.316558829357516e+141
"(1, 35)",-inf,1.5261780451026753e+138,4.899340718284261e+137,6.2865771737712275e+140
"(1, 36)",-inf,-inf,-34010385.37535909,7.943122201799042e+139
"(1, 37)",-inf,9.10875690309018e+138,-37528959.69775195,-inf
"(1, 39)",-inf,-inf,-inf,7.564229723912406e+133
"(1, 40)",-inf,-inf,-7085157.955052949,6.284247461709646e+135
"(1, 41)",-inf,-inf,-10480993.656288631,2.586719597491884e+137
"(1, 42)",-inf,-inf,-14730821.545766557,7.041202863807101e+138
"(1, 43)",-inf,1.4035408255679886e+140,-19533399.599067487,-19544086.20891108
"(1, 44)",-inf,-inf,2.56101842004069e+140,-21408705.386979
"(1, 45)",-inf,-19937011.60716265,4.6048587352797685e+140,-inf
"(1, 47)",-inf,1.0742735471037216e+142,-inf,-34836618.43609028
"(1, 48)",-inf,-inf,1.7147711293997442e+142,-37986250.198096566
"(1, 49)",-inf,-inf,2.696501058890718e+142,-38391918.18992512
"(1, 50)",-inf,-inf,4.176891451135811e+142,-33669158.88653432
"(1, 51)",-inf,-29036478.41323014,6.373430690197783e+142,-inf
"(1, 53)",-inf,4.008037882945106e+126,-inf,-16866711.091216173
"(1, 54)",-inf,-inf,6.563508180080897e+124,-11841638.700767152
"(1, 55)",-inf,-inf,5.3308733508211535e+122,-inf
"(1, 57)",-inf,-153001742.72835952,-inf,1.999741033584816e+135
"(1, 58)",-inf,-inf,-176743244.02834916,1.3337388966013903e+136
"(1, 59)",-inf,8.340543776388923e+136,-191172740.29105788,-191555706.6168564
"(1, 60)",-inf,-inf,5.928709828194627e+135,-160249125.83867836
"(1, 61)",-inf,-inf,3.647112062184554e+134,-131850825.48868494
"(1, 62)",-inf,-inf,1.9134458205643398e+133,-105741496.97120784
"(1, 63)",-inf,-81938169.80215915,8.271556524429751e+131,-inf
"(2, 1)",4.110495199562779e+284,-663327131.7477783,-inf,-inf
"(2, 3)",8.70631184891826e+287,-1742346303.888086,-inf,-inf
"(2, 5)",-2243352424.930876,2.1639102614936847e+287,-inf,-inf
"(2, 11)",5.721247547932034e+285,-439579503.2819191,-inf,-inf
"(2, 21)",-3088982679.6035085,1.1013919300089183e+275,-inf,-inf
"(2, 23)",-10723889.747661522,4.4313910978225615e+137,-inf,-inf
"(2, 27)",7.022341637712125e+141,-27179588.70741752,-inf,-inf
"(2, 29)",-14918431.816184437,9.83964819991135e+142,-inf,-inf
"(2, 31)",7.840681539541441e+142,-8533876.98223694,-inf,-inf
"(2, 35)",2.3664844037933415e+141,-38244020.98858635,-inf,-inf
"(2, 37)",-42633986.46640291,8.98384322600773e+137,-inf,-inf
"(2, 43)",-23816118.48648854,7.376587166584002e+139,-inf,-inf
"(2, 45)",8.157174976918051e+140,-17907216.665472545,-inf,-inf
"(2, 47)",-30529158.719339337,6.629379434488745e+141,-inf,-inf
"(2, 51)",9.579974812869232e+142,-23444565.74593491,-inf,-inf
"(2, 53)",-22400368.75153122,1.606261278093315e+128,-inf,-inf
"(2, 57)",2.8070867061365766e+134,-125437950.62086228,-inf,-inf
"(2, 59)",-232827453.55477783,3.452890497972072e+137,-inf,-inf
"(2, 63)",2.838993293837213e+130,-58473156.56199297,-inf,-inf
"(3, 1)",2.6014153452869568e+283,-507355553.5138938,-inf,-inf
"(3, 3)",1.0918065773215388e+288,-1832962512.3780615,-inf,-inf
"(3, 5)",-2325639965.815714,-inf,-inf,1.4004221517648112e+287
"(3, 6)",-inf,-inf,-2211455858.0904403,8.802396077743085e+286
"(3, 7)",-inf,-inf,-1907737722.943102,5.378777561133056e+286
"(3, 8)",-inf,-inf,-1585081564.265862,3.190141243041719e+286
"(3, 9)",-inf,1.8383722162063578e+286,-1294957619.3164558,-inf
"(3, 11)",2.032887611240684e+286,-566582667.1508387,-inf,-inf
"(3, 13)",-inf,7.050286197434644e+288,-inf,-2100324656.776524
"(3, 14)",-inf,-inf,1.448882276915879e+289,3.076267285313637e+271
"(3, 15)",-inf,-2960512100.584768,2.7927506631822433e+289,-inf
"(3, 17)",-inf,7.048774091987005e+288,-inf,-17372436754.272835
"(3, 18)",-inf,-inf,3.1362000624828694e+288,-19771229121.50549
"(3, 19)",-inf,-22461257441.062927,1.2986112216011038e+288,-inf
"(3, 21)",-3271142874.2790284,1.4728614133926192e+275,-inf,-inf
"(3, 23)",-14358733.661342494,-inf,-inf,4.0413647776299536e+138
"(3, 24)",-inf,-inf,-17578361.318549145,2.7731938372027904e+139
"(3, 25)",-inf,-inf,-21935331.722460173,1.5027072435163355e+140
"(3, 26)",-inf,-inf,-25569768.45280882,6.5592952864544005e+140
"(3, 27)",2.356386179942218e+141,-inf,-27522993.429738324,-inf
"(3, 29)",-12429612.513550246,-inf,-inf,1.2463385268999175e+143
"(3, 30)",-inf,-inf,-9521094.096808787,1.3269706819179026e+143
"(3, 31)",1.182511536062037e+143,-inf,-6915860.712895188,1.0246958494381652e+134
"(3, 32)",-inf,-inf,1.6621881166514684e+142,-4229864.104226987
"(3, 33)",-inf,-inf,1.0231778407583464e+141,-inf
"(3, 35)",9.539167584489829e+141,-46718387.40984301,-inf,-inf
"(3, 37)",-44693238.83323311,-inf,-inf,7.037674693416065e+136
"(3, 38)",-inf,-inf,-48796705.97585198,3.835690791076297e+135
"(3, 39)",-inf,1.0774268505125331e+134,-53624441.6469213,-inf
"(3, 41)",-inf,9.803868504686016e+138,-inf,-33013606.098857906
"(3, 42)",-inf,-inf,1.9495829115952164e+139,-31205963.83470057
"(3, 43)",-27714923.86156327,-inf,3.820315078516471e+139,-inf
"(3, 45)",1.4236253502089363e+141,-14866229.254667113,-inf,-15022034.549493335
"(3, 46)",-inf,-inf,2.413315179965249e+141,-20229128.781264115
"(3, 47)",-25222256.43459882,-inf,4.0300248743428074e+141,-inf
"(3, 49)",-inf,-inf,-inf,3.485945167411726e+139
"(3, 50)",-inf,-inf,-12102754.240304371,3.2019393627012566e+141
"(3, 51)",1.4183852030976398e+143,-19214856.15245797,-19042235.85270688,-inf
"(3, 53)",-28911001.052048225,-28931850.640103187,-inf,4.761700268070005e+129
"(3, 54)",-inf,-inf,-41869091.59256862,5.098730782847081e+130
"(3, 55)",-inf,-inf,-59094563.66943294,4.9747410551913286e+131
"(3, 56)",-inf,-inf,-79624535.14452143,4.443917758326253e+132
"(3, 57)",3.664846248249286e+133,-inf,-102505070.8868045,-inf
"(3, 59)",-274662336.3832977,1.3695608053241676e+138,-inf,-inf
"(3, 61)",-inf,-inf,-inf,1.0092594686726662e+125
"(3, 62)",-inf,-inf,-27581588.213158853,1.223696817325174e+127
"(3, 63)",7.254926533300681e+128,-inf,-40374962.38855524,-inf
"(4, 1)",1.3571632851139912e+282,-380702294.50803816,-inf,-inf
"(4, 3)",1.3318948210820832e+288,-1710976101.182714,-inf,-inf
"(4, 9)",-1025578584.3725212,1.0280310468683303e+286,-inf,-inf
"(4, 11)",6.587576055352363e+286,-734778198.4313511,-inf,-inf
"(4, 13)",-1746994097.9810865,3.207984339997932e+288,-inf,-inf
"(4, 15)",5.0586615760443186e+289,-3532056379.419176,-inf,-inf
"(4, 17)",-15165094214.678118,1.4792710626256516e+289,-inf,-inf
"(4, 19)",5.0105459607019395e+287,1.1548804682235227e+183,-inf,-inf
"(4, 21)",-3261503318.192068,1.9525330728763183e+275,-inf,-inf
"(4, 35)",4.591067265229483e+142,-54501783.820716254,-inf,-inf
"(4, 39)",-61100018.30864956,1.3399342112604028e+133,-inf,-inf
"(4, 41)",-33125116.460547008,4.8579186704751866e+138,-inf,-inf
"(4, 45)",3.448791585896314e+139,-9179350.61801356,-inf,-inf
"(4, 51)",2.0365021795431557e+143,-25761867.4374498,-inf,-inf
"(4, 53)",2.410614407068361e+128,-25336868.840066448,-inf,-inf
"(4, 59)",-320140988.9188241,5.213724931018962e+138,-inf,-inf
"(5, 1)",5.866322364267364e+280,-278025097.88910455,-inf,-inf
"(5, 3)",1.581859277888978e+288,-1485763837.9974244,-inf,-inf
"(5, 5)",-inf,-inf,-inf,2.1972709892581048e+279
"(5, 6)",-inf,-inf,-185184764.1750934,2.0850230200980845e+281
"(5, 7)",-inf,-inf,-291110481.8676947,9.359737184098663e+282
"(5, 8)",-inf,-inf,-470466881.1052069,2.6767525043261984e+284
"(5, 9)",-790741018.7669741,5.572214907076423e+285,4.761923956444529e+244,-inf
"(5, 11)",1.958048896104657e+287,-inf,-inf,-934966262.3324344
"(5, 12)",-inf,-inf,5.364274815494672e+287,-1171259399.4328203
"(5, 13)",-1437866762.099219,-inf,1.3606867684340038e+288,-inf
"(5, 15)",8.625423496109898e+289,-4282403736.769372,-inf,-inf
"(5, 17)",-13000580284.268091,2.8978933599436927e+289,-inf,-inf
"(5, 19)",1.799359396329703e+287,-28994632850.291573,-inf,-inf
"(5, 21)",-3001540194.0177307,-inf,-inf,2.5561600417625446e+275
"(5, 22)",-inf,-inf,-2622367562.616616,3.310669782239134e+275
"(5, 23)",-inf,4.248298253848419e+275,-2209144722.646626,-inf
"(5, 25)",-inf,-2184943434.413648,-inf,1.2901238082349022e+257
"(5, 26)",-inf,-inf,9.685246985485298e+237,3.521717853176133e+256
"(5, 27)",-inf,-inf,-2777137215.653263,9.377955892804956e+255
"(5, 28)",-inf,-inf,-3028432671.804836,2.434779819134701e+255
"(5, 29)",-inf,-inf,-3166798871.159462,6.159829074240751e+254
"(5, 30)",-inf,-inf,-3018103382.8129454,1.5184051611600932e+254
"(5, 31)",-inf,-inf,-2714251860.4193044,3.6432625956018263e+253
"(5, 32)",-inf,-inf,-2359056670.369716,8.504692088523461e+252
"(5, 33)",-inf,1.9300253954626687e+252,-2048539848.8656807,-inf
"(5, 35)",2.600372150854521e+143,-59000196.26531339,-inf,-inf
"(5, 37)",-inf,2.694954349981707e+130,-inf,-81642738.97479105
"(5, 38)",-inf,-inf,2.1215734086488626e+131,-75446721.81084621
"(5, 39)",-66211309.7114188,-inf,1.6436039576131954e+132,-inf
"(5, 41)",-30425153.95115308,-30187186.86804704,-inf,2.371821741010917e+138
"(5, 42)",-inf,-inf,-39034162.806400254,1.1126626249542089e+138
"(5, 43)",-inf,5.143678950970547e+137,-47592469.96089529,-inf
"(5, 45)",4.069337388979181e+137,-inf,-inf,-inf
"(5, 47)",-inf,-177085825.79991975,-inf,2.505446740088191e+131
"(5, 48)",-inf,-inf,-194161744.2785732,8.799563972669566e+130
"(5, 49)",-inf,3.0445989926853127e+130,-206202169.5618736,-inf
"(5, 51)",2.879907779025424e+143,-34637790.58497194,-inf,-inf
"(5, 53)",1.008328985198282e+127,-inf,-inf,-21165724.174059417
"(5, 54)",-inf,-inf,3.3335434440833363e+125,-16797683.08317528
"(5, 55)",-inf,-inf,8.200218984100236e+123,-12667446.120111868
"(5, 56)",-inf,-inf,1.3418115234892701e+122,-8946018.28533476
"(5, 57)",-inf,-inf,1.063446620962634e+120,-inf
"(5, 59)",-381367536.4739408,1.906298213515018e+139,-inf,-inf
"(5, 61)",-inf,-633443450.2466164,-inf,2.0661443472744679e+142
"(5, 62)",-inf,-inf,-573906329.6321687,5.851021142143998e+142
"(5, 63)",-inf,1.602625326383041e+143,-490270459.2918815,-inf
"(6, 1)",1.981819208927097e+279,-191753079.2121796,-inf,-inf
"(6, 3)",1.830206803964326e+288,-1255172195.9289858,-inf,-inf
"(6, 9)",-998671086.6747988,2.853119571804217e+285,-inf,-inf
"(6, 15)",1.3882267547811223e+290,-5200845291.352378,-inf,-inf
"(6, 17)",1.3866883425800478e+168,5.29092295469301e+289,-inf,-inf
"(6, 19)",6.0204269954251e+286,-32622515321.20293,-inf,-inf
"(6, 23)",-1831994223.38722,5.3939919541614093e+275,-inf,-inf
"(6, 25)",4.611862525174508e+257,-1908546763.3737576,-inf,-inf
"(6, 33)",-1704920255.6653447,4.2560284206474644e+251,-inf,-inf
"(6, 35)",1.5864395819867536e+144,-59795759.333589554,-inf,-inf
"(6, 37)",1.7684488382154468e+128,3.366379237294299e+129,-inf,-inf
"(6, 41)",1.2459085502713333e+137,-20802650.770910192,-inf,-inf
"(6, 43)",-57103221.84727703,2.343320093101774e+137,-inf,-inf
"(6, 47)",7.027100913073808e+131,-151222069.1757832,-inf,-inf
"(6, 49)",-224355154.7775948,1.0375781068667512e+130,-inf,-inf
"(6, 51)",4.01117576114962e+143,-46144583.3132382,-inf,-inf
"(6, 59)",-450930661.214902,6.701803782379491e+139,-inf,-inf
"(6, 61)",7.050920845872731e+141,-669192303.0788938,-inf,-inf
"(6, 63)",-441731105.2403792,4.248269672513144e+143,-inf,-inf
"(7, 1)",4.848962987272329e+277,-125869012.23018086,-inf,-inf
"(7, 3)",2.065095416893705e+288,-1074198909.0696924,-inf,-inf
"(7, 5)",-inf,2.343747743692929e+288,-inf,1.3116780991597076e+253
"(7, 6)",-inf,-inf,2.144447643750899e+288,-1017731207.281675
"(7, 7)",-inf,-1264921113.735401,1.9138813698220533e+288,-inf
"(7, 9)",-1255024250.583434,-inf,-inf,1.4151449192623269e+285
"(7, 10)",-inf,-inf,-1531360013.4005885,6.797285722487219e+284
"(7, 11)",-inf,-inf,-1819692957.5165756,3.1587783303834413e+284
"(7, 12)",-inf,-inf,-2143746992.294544,1.4192775917498079e+284
"(7, 13)",-inf,6.1610488903852086e+283,-2342052795.8111687,-inf
"(7, 15)",2.1102052473670423e+290,4.942908851612775e+282,-inf,3.648312397976095e+274
"(7, 16)",-inf,-inf,1.4294424264250204e+290,-7826632621.277675
"(7, 17)",-9275924391.056849,-inf,9.012509558046824e+289,-inf
"(7, 19)",1.8665980878516384e+286,-36384846797.357086,-inf,-inf
"(7, 21)",-inf,1.3407486499577834e+267,-inf,-inf
"(7, 23)",-1494705591.862672,6.759987267847786e+275,-inf,-inf
"(7, 25)",1.6095519199175605e+258,-inf,-inf,8.209408876554571e+207
"(7, 26)",-inf,-inf,5.4891004068135844e+258,-1372996530.8610044
"(7, 27)",-inf,-1144946064.7365966,1.8293734545845226e+259,-inf
"(7, 29)",-inf,-47058669.205892704,-inf,3.705138440740667e+239
"(7, 30)",-inf,-inf,-74500192.70818616,1.0433897799969743e+241
"(7, 31)",-inf,2.1564939783854596e+242,-115932472.16545355,-inf
"(7, 33)",-1422847135.2142148,9.113555999353009e+250,-inf,-inf
"(7, 35)",9.820949227456345e+144,-57470748.21854221,-inf,-inf
"(7, 37)",-90460259.8120208,4.1404609797933086e+128,-inf,-inf
"(7, 39)",-inf,-inf,-inf,1.552893314560847e+132
"(7, 40)",-inf,-inf,-9881178.459030734,1.2329629693704111e+134
"(7, 41)",4.82262261400196e+135,-inf,-14505762.16594113,-inf
"(7, 43)",-67007879.19541175,1.0520118655342473e+137,-inf,-inf
"(7, 45)",-inf,-77222759.00930473,-inf,1.417326757536547e+133
"(7, 46)",-inf,-inf,-97559296.87533444,5.285058819937096e+132
"(7, 47)",1.9415567818429107e+132,-inf,-120851802.33845852,-inf
"(7, 49)",-247993116.20843023,3.482695112927826e+129,-inf,-inf
"(7, 51)",5.5016941166174515e+143,-inf,-inf,-60916105.32759231
"(7, 52)",-inf,-inf,7.43124522348646e+143,-76924434.50700124
"(7, 53)",-inf,-inf,9.885184456304226e+143,-96052414.87693128
"(7, 54)",-inf,-inf,1.2949412007102765e+144,-113050535.21487162
"(7, 55)",-inf,-inf,1.670318903633823e+144,-117321222.17875066
"(7, 56)",-inf,-inf,2.1217545012039896e+144,-109895826.3583361
"(7, 57)",-inf,-100512709.17604628,2.6537348126366454e+144,-inf
"(7, 59)",-518863184.22521234,-inf,-inf,2.2674009172065198e+140
"(7, 60)",-inf,-inf,-582503355.7164704,7.3883808353124374e+140
"(7, 61)",2.323124957832885e+141,-inf,-645293236.6174544,-inf
"(7, 63)",-381875874.3017178,1.0906853565519873e+144,-inf,-inf
"(8, 1)",7.447689185741667e+275,-82151235.40742464,-inf,-inf
"(8, 3)",2.2701283067793166e+288,-860252735.6344427,-inf,-inf
"(8, 5)",-615698479.2906113,2.4967475999297527e+288,-inf,-inf
"(8, 7)",1.6687740619372898e+288,-1602508134.916214,-inf,-inf
"(8, 13)",-2332081890.3010573,2.5823639188843456e+283,-inf,-inf
"(8, 15)",1.6074234329547976e+290,-6916841395.239613,-inf,-inf
"(8, 19)",5.370226756623779e+285,-40870270929.47015,-inf,-inf
"(8, 21)",-65021598.9137592,9.22151350640326e+269,-inf,-inf
"(8, 23)",8.128958493946647e+166,8.392149051988655e+275,-inf,-inf
"(8, 27)",5.961369737257887e+259,-944981739.3551556,-inf,-inf
"(8, 29)",8.358307010595072e+237,-30337678.37438705,-inf,-inf
"(8, 31)",-175797248.47579214,3.4546985525870225e+243,-inf,-inf
"(8, 33)",-1204354411.5217533,1.893791185254988e+250,-inf,-inf
"(8, 35)",6.03017229733991e+145,-54703489.32029615,-inf,-inf
"(8, 37)",-97988990.76596291,5.0076381079232405e+127,-inf,-inf
"(8, 43)",-72097251.77862236,4.654143948953573e+136,-inf,-inf
"(8, 45)",3.7450995680834863e+133,-62417788.76775343,-inf,-inf
"(8, 49)",-260799216.70721385,1.151352938169468e+129,-inf,-inf
"(8, 57)",3.268007468977633e+144,-84989198.15042911,-inf,-inf
"(8, 63)",-335248235.7589992,2.713443002900679e+144,-inf,-inf
"(9, 1)",6.143015473522615e+273,-inf,-inf,-inf
"(9, 3)",2.4344913172265514e+288,-inf,-inf,-705254018.0981328
"(9, 4)",-inf,-inf,2.543162796685872e+288,-576297662.8204762
"(9, 5)",-465305576.1237226,4.715743408464175e+273,2.5914103561475827e+288,-inf
"(9, 7)",1.4197088504435112e+288,-1975475582.8138397,-inf,-inf
"(9, 9)",-inf,5.010641045890887e+273,-inf,-inf
"(9, 11)",-inf,1.5283517810562933e+282,-inf,-1515412280.699092
"(9, 12)",-inf,-inf,4.070923078448484e+282,-1829412898.500064
"(9, 13)",-2126690440.088065,-inf,1.0443788227624974e+283,-inf
"(9, 15)",1.1455094385302758e+290,-inf,-inf,-6793744229.8451805
"(9, 16)",-inf,-inf,7.629435305416404e+289,-6189320102.267716
"(9, 17)",-inf,-5327382617.31381,4.758008433560188e+289,-inf
"(9, 19)",1.4293386250191418e+285,-45398221827.35088,-inf,-inf
"(9, 21)",-103518900.2400734,2.1673030614693616e+272,-inf,-inf
"(9, 23)",-934686775.5801656,1.0299229714514349e+276,-inf,-inf
"(9, 25)",-inf,-526540582.0783753,-inf,1.807163892193224e+261
"(9, 26)",-inf,-inf,-661947590.1353958,5.921285849432566e+260
"(9, 27)",1.8997459913274654e+260,-inf,-801321065.7229868,-inf
"(9, 29)",9.082740266666368e+235,-inf,-inf,-inf
"(9, 31)",-256508408.41255352,4.518110132307606e+244,-inf,-inf
"(9, 33)",-997240997.9042308,3.815094181606742e+249,-inf,-inf
"(9, 35)",3.6530616436929778e+146,-51162582.728400856,-inf,-inf
"(9, 37)",-104145528.5200006,5.960887984731513e+126,-inf,-inf
"(9, 39)",-inf,-70911175.95368496,-inf,6.210782292426647e+120
"(9, 40)",-inf,-inf,-63104119.30624932,6.2923565466201166e+119
"(9, 41)",-inf,6.275361708422533e+118,-58080312.67943421,-inf
"(9, 43)",-69122588.09171982,2.0289367656421456e+136,-inf,-inf
"(9, 45)",9.749941447929398e+133,-49601887.69591835,-inf,-inf
"(9, 47)",-inf,5.827916291871957e+128,-inf,-inf
"(9, 49)",-258550762.6097453,3.7486858163929406e+128,-inf,-inf
"(9, 51)",-inf,-inf,-inf,2.8431803369856046e+135
"(9, 52)",-inf,-inf,-10641628.79470199,2.9326252084489042e+137
"(9, 53)",-inf,-inf,-16047579.643406978,1.4955596277792222e+139
"(9, 54)",-inf,-inf,-23707563.75071381,5.0089569502003936e+140
"(9, 55)",-inf,-inf,-35289709.51160964,1.2461484144476522e+142
"(9, 56)",-inf,-inf,-49186526.08559477,2.4500116355188927e+143
"(9, 57)",3.96228570828701e+144,-inf,-72380513.83904229,-72824280.47797579
"(9, 58)",-inf,-inf,4.485050173954967e+144,-91387926.61988522
"(9, 59)",-inf,-inf,4.995626736714679e+144,-120682228.71321812
"(9, 60)",-inf,-inf,5.475587797252882e+144,-150182084.89015642
"(9, 61)",-inf,-inf,5.905581847476419e+144,-186978757.46170223
"(9, 62)",-inf,-inf,6.266184400075519e+144,-228663917.0384911
"(9, 63)",-281949278.60011685,-281781640.44799024,6.541885241107301e+144,-inf
"(10, 5)",8.014687537408754e+286,-273107536.5170414,-inf,-inf
"(10, 7)",1.1806109639324749e+288,-2419941216.712874,-inf,-inf
"(10, 9)",-62353677.3660296,2.940959802145219e+275,-inf,-inf
"(10, 11)",-1225684591.8527656,5.520662348025484e+281,-inf,-inf
"(10, 17)",2.777301179874438e+289,-4513029749.435964,-inf,-inf
"(10, 19)",3.506165864194095e+284,-49612934942.75196,-inf,-inf
"(10, 21)",-172007592.60996085,2.7544009067746965e+274,-inf,-inf
"(10, 23)",-720379149.809022,1.2509688109423716e+276,-inf,-inf
"(10, 25)",5.402205818108811e+261,-406234335.84029007,-inf,-inf
"(10, 31)",-362623238.85464,4.879966002937295e+245,-inf,-inf
"(10, 33)",-819891819.8386729,7.445445702914881e+248,-inf,-inf
"(10, 35)",2.182377095023266e+147,-47250013.22746777,-inf,-inf
"(10, 37)",-108728953.13629311,6.96922462417605e+125,-inf,-inf
"(10, 39)",6.03538538648672e+121,-77505868.75304095,-inf,-inf
"(10, 41)",-51574202.31984447,6.159588180892559e+117,-inf,-inf
"(10, 43)",-61542453.74188232,8.715903103749024e+135,-inf,-inf
"(10, 45)",2.5011463125649447e+134,-40656997.72113747,-inf,-inf
"(10, 47)",-9286113.492064953,4.261038408929317e+130,-inf,-inf
"(10, 49)",-241093256.45574093,1.20198022416619e+128,-inf,-inf
"(10, 63)",4.0062429627649654e+144,-306168835.4719153,-inf,-inf
"(11, 1)",-inf,-41384559945.501015,-inf,4.538675704446621e+285
"(11, 2)",-inf,-inf,-35493833293.08755,7.69883389491676e+285
"(11, 3)",-inf,1.2797023143022106e+286,-29587329094.71247,-inf
"(11, 5)",1.8565402204921648e+285,-165667838.53929782,-inf,-inf
"(11, 7)",9.57710001525182e+287,-2976153519.1616287,-inf,-inf
"(11, 9)",-103065653.13806136,8.12443109563066e+276,-inf,-inf
"(11, 11)",-966913223.0823164,1.916634260312852e+281,-inf,-inf
"(11, 13)",-inf,4.245765815495513e+275,-inf,-102455079.7951722
"(11, 14)",-inf,-inf,1.7471789222690438e+274,-82007972.21005513
"(11, 15)",-inf,-61991521.7390273,5.38769637539293e+272,-inf
"(11, 17)",1.5180667895693383e+289,-3728200827.7241263,-inf,-inf
"(11, 19)",7.954923949996486e+283,-52912475034.15942,-inf,-inf
"(11, 21)",3.567833650769056e+203,2.085439458890584e+276,-inf,-300165581.1028474
"(11, 22)",-inf,-inf,1.7756881678958858e+276,-406279409.4556218
"(11, 23)",-541163648.1673284,-inf,1.4997944584372342e+276,-inf
"(11, 25)",1.581191720782473e+262,1.1259490673482578e+223,-inf,-inf
"(11, 27)",-inf,6.293228252031126e+264,-inf,-471601269.8930838
"(11, 28)",-inf,-inf,1.5901034602329403e+265,-581609450.2600636
"(11, 29)",-inf,-696601887.8736227,3.9442422485558444e+265,-inf
"(11, 31)",9.450087049344396e+222,4.529038063351313e+246,-inf,-498307651.9089649
"(11, 32)",-inf,-inf,2.5683441569424214e+247,-585043515.751447
"(11, 33)",-693317443.7176987,-inf,1.406376060183305e+248,-inf
"(11, 35)",1.2851062804305317e+148,-40940570.48741271,-inf,-inf
"(11, 37)",-106081798.52787116,-inf,-inf,7.910580573024084e+124
"(11, 38)",-inf,-inf,4.373370476453976e+122,8.169287826955372e+123
"(11, 39)",5.775222692502852e+122,-inf,-86743852.91747238,-inf
"(11, 41)",-44105081.088562414,5.949392463228271e+116,-inf,-inf
"(11, 43)",-51639581.57792023,-inf,-inf,3.689127090058091e+135
"(11, 44)",-inf,-inf,-41379227.767397605,1.538632504052534e+135
"(11, 45)",6.3227616284832615e+134,-inf,-32544148.293186955,-32232766.748346828
"(11, 46)",-inf,-inf,3.620721303503157e+133,-20598767.55966295
"(11, 47)",-13962989.2938779,-inf,1.5300721339144408e+132,-inf
"(11, 49)",-213217531.28769788,3.7952964418187166e+127,-inf,-inf
"(11, 51)",-inf,-107544867.71803316,-inf,1.2528488672017509e+122
"(11, 52)",-inf,-inf,-112535991.79891662,3.1394879982952917e+121
"(11, 53)",-inf,-inf,-126780345.11545256,7.743340001611632e+120
"(11, 54)",-inf,-inf,-141952241.65068698,1.879600250442171e+120
"(11, 55)",-inf,4.489920058658167e+119,-151430709.1801669,-inf
"(11, 57)",-inf,1.6806187149829762e+139,-inf,-27318908.39707408
"(11, 58)",-inf,-inf,3.021648477604232e+137,-16663672.860727776
"(11, 59)",-inf,-inf,2.678496403974137e+135,-inf
"(11, 61)",-inf,-283071312.11681,-inf,7.994758803404076e+143
"(11, 62)",-inf,-inf,-305408321.46543014,1.4006086965853717e+144
"(11, 63)",2.396030136227897e+144,-inf,-320313093.9497658,-inf
"(12, 1)",2.6082362029537245e+285,-49921524910.96989,-inf,-inf
"(12, 3)",-24861986794.14093,2.077080463025101e+286,-inf,-inf
"(12, 5)",2.8751892824185847e+283,-103118697.05643244,-inf,-inf
"(12, 7)",7.593919014484617e+287,-3661028737.130909,-inf,-inf
"(12, 9)",1.0343604529307805e+256,1.4506711142914606e+278,-inf,-inf
"(12, 11)",5.842222522652425e+261,6.3873261878921134e+280,-inf,-inf
"(12, 13)",-122252056.79460669,8.175570201416906e+276,-inf,-inf
"(12, 15)",1.0557145716100526e+271,-43328034.722783394,-inf,-inf
"(12, 17)",7.769591502724276e+288,-3068845683.0786943,-inf,-inf
"(12, 19)",1.6540494030130367e+283,-53720224449.67639,-inf,-inf
"(12, 21)",-385257639.76453424,2.389301833953664e+276,-inf,-inf
"(12, 25)",4.534788813549266e+262,-233943958.40348545,-inf,-inf
"(12, 27)",-376525062.2318796,2.4441078547023557e+264,-inf,-inf
"(12, 29)",9.607491922712492e+265,-838226416.5327474,-inf,-inf
"(12, 31)",-591093589.7016522,7.565978973815613e+245,-inf,-inf
"(12, 35)",7.458898688849216e+148,-34950642.30491956,-inf,-inf
"(12, 41)",-36900435.524872005,5.6536154963383956e+115,-inf,-inf
"(12, 49)",-178068044.52884924,1.1800123574588903e+127,-inf,-inf
"(12, 51)",4.9212934546768075e+122,-100054949.91891529,-inf,-inf
"(12, 55)",-161058870.7184016,1.0553690468225562e+119,-inf,-inf
"(12, 57)",-46114544.22461879,6.151364743211512e+140,-inf,-inf
"(12, 61)",4.4572393472738835e+143,-251586953.0713815,-inf,-inf
"(13, 1)",1.4689493767041208e+285,-62277268454.483765,-inf,-inf
"(13, 3)",-20686049278.142387,3.298505335767601e+286,-inf,-inf
"(13, 5)",1.9417384358376166e+281,-inf,-inf,-inf
"(13, 7)",5.8831802766727045e+287,-4474598394.698133,-inf,-inf
"(13, 9)",7.207050387207829e+271,1.824465830581982e+279,-inf,1.0295475055303452e+117
"(13, 10)",-inf,-inf,6.238939925089735e+279,-426836723.2491903
"(13, 11)",-568144137.2370251,-inf,2.0399029461296358e+280,-inf
"(13, 13)",-134160274.13247988,1.2625169662955676e+278,-inf,-inf
"(13, 15)",9.675086403382071e+268,-inf,-inf,-inf
"(13, 17)",3.7279452868763547e+288,7.800986001304211e+176,-inf,-inf
"(13, 19)",3.136520921447061e+282,-50904335952.10777,-inf,-inf
"(13, 21)",-482701581.7985568,-inf,-inf,2.7072452140657346e+276
"(13, 22)",-inf,-inf,-595402468.1332421,3.0354888456685524e+276
"(13, 23)",-inf,3.358950021924748e+276,-705531619.4288844,-inf
"(13, 25)",1.2753281654781824e+263,2.651069177565189e+241,-inf,-174872855.81483334
"(13, 26)",-inf,-inf,3.4792932968056177e+263,-231989257.2348227
"(13, 27)",-297432410.93053144,-inf,9.310641522459258e+263,-inf
"(13, 29)",2.2974240438519355e+266,-994541571.961954,-inf,-inf
"(13, 31)",-678076066.5453205,-inf,-inf,1.2189222492920405e+245
"(13, 32)",-inf,-inf,-716185591.8302656,1.891503297619348e+244
"(13, 33)",-inf,2.822914457028037e+243,-707076083.9434605,-inf
"(13, 35)",4.264545413464292e+149,-30401570.90608034,-inf,-30381377.71154097
"(13, 36)",-inf,-inf,1.2927176950573319e+150,-37264070.54006393
"(13, 37)",-inf,-inf,6.3236747563859534e+150,-44926065.064680144
"(13, 38)",-inf,-inf,3.354167455875432e+151,-53835164.35303863
"(13, 39)",-inf,-63731463.15582316,1.7638631183186636e+152,-inf
"(13, 41)",-31125221.11396238,-inf,-inf,5.284799129968775e+114
"(13, 42)",-inf,-inf,-24470424.125094514,4.858367708451954e+113
"(13, 43)",-inf,-inf,-20305979.71311049,4.391632363963468e+112
"(13, 44)",-inf,-inf,-15642096.563065618,3.902541106697452e+111
"(13, 45)",-inf,-inf,-13104255.829152131,3.408548626046523e+110
"(13, 46)",-inf,-inf,-10807528.66849018,2.925425541019484e+109
"(13, 47)",-inf,2.4666346094168343e+108,-9223915.499698251,-inf
"(13, 49)",-142685604.73108903,3.6124960373666495e+126,-inf,-inf
"(13, 51)",1.9028781501801727e+123,-88971387.77458328,-inf,-inf
"(13, 53)",-inf,6.039586711968051e+111,-inf,-inf
"(13, 55)",-167732233.11451855,2.4407218483825006e+118,-inf,-inf
"(13, 57)",-77195043.26006117,-77708701.086188,-inf,1.663999902630321e+142
"(13, 58)",-inf,-inf,-99550641.34575312,3.37469822255283e+142
"(13, 59)",-inf,-inf,-131504797.80926928,6.674513188276516e+142
"(13, 60)",-inf,-inf,-168548592.8178803,1.2880416915548322e+143
"(13, 61)",2.425237215060676e+143,-inf,-205747327.66160148,-inf
"(13, 63)",-inf,5.773562627836406e+112,-inf,-inf
"(14, 1)",8.071004299814431e+284,-78012746716.76945,-inf,-inf
"(14, 3)",-17559645278.93092,5.118960228609277e+286,-inf,-inf
"(14, 7)",4.4539545232702046e+287,-5602863600.328557,-inf,-inf
"(14, 9)",-424077485.8640578,4.976408912173565e+278,-inf,-inf
"(14, 13)",-131305555.16831732,1.6511957108522312e+279,-inf,-inf
"(14, 17)",1.6711625484256958e+288,-1972063244.042252,-inf,-inf
"(14, 19)",5.4190029515947164e+281,-46956017930.54606,-inf,-inf
"(14, 23)",-805478720.763826,3.679475765077314e+276,-inf,-inf
"(14, 25)",3.731368246052951e+261,-100249772.1318881,-inf,-inf
"(14, 29)",5.39633198215912e+266,-1197958478.594615,-inf,-inf
"(14, 33)",-649578930.0162042,4.0463302384757934e+242,-inf,-inf
"(14, 35)",1.1082959661815303e+150,-22268267.45398588,-inf,-inf
"(14, 39)",1.0072031398019172e+153,-74345310.55721661,-inf,-inf
"(14, 47)",-8461266.89846903,2.0427623289164126e+107,-inf,-inf
"(14, 49)",-119054892.51406504,1.0888538096146509e+126,-inf,-inf
"(14, 51)",7.243654492062722e+123,-80006601.43829101,-inf,-inf
"(14, 53)",-4022787.6691760537,3.862707604197359e+113,-inf,-inf
"(14, 55)",-176885842.37896746,5.553395595169044e+117,-inf,-inf
"(14, 57)",7.381125606204542e+141,-98937637.144192,-inf,-inf
"(14, 63)",-14770767.962045273,8.073704207594708e+114,-inf,-inf
"(15, 1)",4.354428296130892e+284,-96481463620.0656,-inf,-inf
"(15, 3)",-14801624178.0507,-inf,-inf,7.774547902176217e+286
"(15, 4)",-inf,-inf,-11762214132.363802,1.154458146110716e+287
"(15, 5)",-inf,-inf,-9617122081.595083,1.6740647567225035e+287
"(15, 6)",-inf,-inf,-8092946964.098613,2.3752036788134512e+287
"(15, 7)",3.289714936621365e+287,-inf,-6725134667.733604,-inf
"(15, 9)",-556060078.9885368,1.293553944579298e+278,-inf,-inf
"(15, 11)",-inf,-inf,-inf,4.114879170456461e+276
"(15, 12)",-inf,-inf,-72141175.85081998,4.02186245440701e+278
"(15, 13)",-115297703.95744492,1.823239067853795e+280,7.109773755890536e+254,-inf
"(15, 15)",-inf,-949376390.6416048,-inf,1.022354739924958e+287
"(15, 16)",-inf,-inf,-1213896577.0147755,2.7759884800449877e+287
"(15, 17)",7.039880315809883e+287,-inf,-1550666939.1179018,-inf
"(15, 19)",8.512465406865975e+280,-42319052054.16238,-inf,-inf
"(15, 21)",-inf,6.347742246175465e+267,-inf,-inf
"(15, 23)",-856447608.9432547,3.986296576940346e+276,-inf,-inf
"(15, 25)",6.69405290896786e+259,-inf,-inf,-60910634.374424666
"(15, 26)",-inf,-inf,8.239215314697672e+257,-37452947.69869946
"(15, 27)",-inf,-inf,5.537474939149318e+255,-inf
"(15, 29)",1.2450195044957058e+267,1.1701724467413064e+215,-inf,-inf
"(15, 31)",-inf,3.3665105777011023e+230,-inf,-inf
"(15, 33)",-560897231.1481576,5.56217935707443e+241,-inf,-inf
"(15, 35)",1.706891168893354e+150,-17589487.231738638,-inf,-inf
"(15, 37)",-inf,1.043342816845334e+147,-inf,-inf
"(15, 39)",5.6822975967835816e+153,-84676543.43231143,-inf,-inf
"(15, 41)",-inf,1.3301277038283422e+95,-inf,-748369.5333377288
"(15, 42)",-inf,-inf,4.842812053482519e+93,-577469.3235596224
"(15, 43)",-inf,-inf,8.746423190416023e+91,-inf
"(15, 45)",-inf,1.0390995470464044e+104,-inf,-4861880.212665478
"(15, 46)",-inf,-inf,1.326163082771665e+105,-6148945.09475448
"(15, 47)",-7352863.669454166,-inf,1.6611647887343704e+106,-inf
"(15, 49)",-98373080.12141988,-inf,-inf,3.2312516174659208e+125
"(15, 50)",-inf,-inf,-82495007.85808691,9.43984412232063e+124
"(15, 51)",2.7147282862225345e+124,-73710309.82470874,-73434469.19698462,-inf
"(15, 53)",-5977080.627734035,1.2178847446826663e+115,-inf,-inf
"(15, 55)",-188908577.54556584,1.2430092326126366e+117,-inf,-inf
"(15, 57)",3.185162286389532e+141,-123073162.27862205,-inf,-inf
"(15, 59)",-inf,-inf,-inf,3.6265418044927178e+109
"(15, 60)",-inf,-inf,-10905502.257077023,5.138184963601805e+111
"(15, 61)",-inf,-inf,-14349403.58672881,3.54585672654543e+113
"(15, 62)",-inf,-inf,-17880090.324095506,1.6129391297194792e+115
"(15, 63)",-20676763.10864505,5.434025536173007e+116,-20726099.724812884,-inf
"(16, 1)",2.2915855390080532e+284,-116916043561.73792,-inf,-inf
"(16, 9)",-720665716.4842117,3.198446251016637e+277,-inf,-inf
"(16, 13)",-156059862.01521662,1.435397663774712e+281,-inf,-inf
"(16, 15)",3.526747434932651e+286,-736056858.786881,-inf,-inf
"(16, 19)",1.2103436162215733e+280,-37108116616.25815,-inf,-inf
"(16, 21)",-75714378.46848711,2.3361579082161167e+270,-inf,-inf
"(16, 23)",-828540161.1254845,4.2773047732170367e+276,-inf,-inf
"(16, 29)",2.8244331685681e+267,-1715998320.971946,-inf,-inf
"(16, 31)",-28377097.54848944,2.0326940445917998e+232,-inf,-inf
"(16, 33)",-462208156.6445767,7.32072174787184e+240,-inf,-inf
"(16, 35)",1.650229309734638e+150,-13931222.557010625,-inf,-inf
"(16, 37)",-3415952.121288355,1.6189143050583147e+148,-inf,-inf
"(16, 39)",3.1678354131612895e+154,-97312429.72686464,-inf,-inf
"(16, 41)",-946021.9617581286,2.4309406857340434e+96,-inf,-inf
"(16, 45)",-3837753.710184921,7.988831661235693e+102,-inf,-inf
"(16, 51)",5.778836243985913e+123,-62243036.286529325,-inf,-inf
"(16, 53)",-8683566.428957306,2.5285882893935648e+116,-inf,-inf
"(16, 55)",-197844413.66247007,2.736649186020376e+116,-inf,-inf
"(16, 57)",1.3368274962571415e+141,-146297063.30006593,-inf,-inf
"(16, 63)",-32245255.072527826,1.0407996473118563e+118,-inf,-inf
"(17, 1)",1.1813260733273394e+284,-inf,-inf,-136642060136.91682
"(17, 2)",-inf,-inf,5.938276034051025e+283,1.3983758440568783e+194
"(17, 3)",-inf,-inf,2.923857531657841e+283,-187777775293.2936
"(17, 4)",-inf,-inf,1.409290724863801e+283,-215025234394.79227
"(17, 5)",-inf,-inf,6.630028212793524e+282,-244211695330.154
"(17, 6)",-inf,-inf,3.0553593333520423e+282,-273602585411.9665
"(17, 7)",-inf,-308273157269.8105,1.378850488546306e+282,-inf
"(17, 9)",-922486152.317186,-inf,-inf,7.506814382768289e+276
"(17, 10)",-inf,-inf,-1164602402.116061,1.6690048387503926e+276
"(17, 11)",-inf,3.505465144816946e+275,-1450617933.1436076,-inf
"(17, 13)",5.636059415017122e+150,1.0144852012945688e+282,-inf,-inf
"(17, 15)",1.1359635875012637e+286,-549541970.5963943,-inf,-inf
"(17, 17)",-inf,4.90004687199807e+278,-inf,-inf
"(17, 19)",1.542346080455445e+279,-32900698572.15159,-inf,-inf
"(17, 21)",-117871300.3584634,5.340779278037863e+272,-inf,-inf
"(17, 23)",-730353859.1981281,4.523055244837103e+276,-inf,-inf
"(17, 25)",-inf,-1003963791.0907614,-inf,2.1117541956762466e+270
"(17, 26)",-inf,-inf,-1202439797.16591,1.0810463758186776e+270
"(17, 27)",-inf,5.441081430581288e+269,-1439026714.8456695,-inf
"(17, 29)",6.295707048165867e+267,-1968176888.5192835,-inf,-inf
"(17, 31)",-46068385.81933504,5.9206506441427545e+233,-inf,-inf
"(17, 33)",-376666039.23132646,9.209940973031112e+239,-inf,-inf
"(17, 35)",1.036615093349e+150,-inf,-inf,-10944466.86008341
"(17, 36)",-inf,-inf,4.2435199397142265e+149,-7734193.738083414
"(17, 37)",-5121255.996465432,-inf,1.0954749074550277e+149,-inf
"(17, 39)",1.745255369960277e+155,-103998586.39615852,-inf,-inf
"(17, 41)",-1215678.3521275038,-inf,-inf,3.31452420141738e+97
"(17, 42)",-inf,-inf,-1431162.0933183108,3.601648112695705e+98
"(17, 43)",-inf,3.231287118106897e+99,-2021420.9458555456,-2056374.1542718224
"(17, 44)",-inf,-inf,4.4561890611087065e+100,-2642732.0717654186
"(17, 45)",-3134543.039729977,-inf,6.025024999430991e+101,-inf
"(17, 47)",-inf,2.066626463848185e+97,-inf,-28036267.10315988
"(17, 48)",-inf,-inf,1.5371721237984273e+98,-32515001.41474476
"(17, 49)",-inf,-36936900.38700589,1.1208125434272322e+99,-inf
"(17, 51)",1.113872139629685e+123,-52947399.72951716,-inf,-inf
"(17, 53)",-12216709.435437342,3.892051409254335e+117,-inf,-inf
"(17, 55)",-192880601.2458704,5.926216653451856e+115,-inf,-inf
"(17, 57)",5.453991219807798e+140,-inf,-inf,-155549124.63721856
"(17, 58)",-inf,-inf,2.161335250029569e+140,-155159172.88413706
"(17, 59)",-inf,-inf,8.317757541287734e+139,-137805300.47579506
"(17, 60)",-inf,-inf,3.105778268354129e+139,-114767191.01661736
"(17, 61)",-inf,-97645968.25815584,1.1253397398943396e+139,-inf
"(17, 63)",-48307175.70190854,1.735327034070656e+119,-inf,-inf
"(18, 7)",6.082046780428923e+281,-341643468019.7852,-inf,-inf
"(18, 11)",-1754961217.3341494,6.93541720649484e+274,-inf,-inf
"(18, 13)",-241525967.35845068,6.468424318780396e+282,-inf,-inf
"(18, 15)",3.4132639164550373e+285,-391290972.1582118,-inf,-inf
"(18, 17)",-74072450.97581874,4.317842799369236e+280,-inf,-inf
"(18, 19)",1.7405109326343047e+278,-28427457569.3237,-inf,-inf
"(18, 21)",-189882954.1709092,6.81766961455284e+274,-inf,-inf
"(18, 23)",-621444909.378784,4.735539359402457e+276,-inf,-inf
"(18, 25)",4.063400807561304e+270,-819128136.3666,-inf,-inf
"(18, 27)",-1679049471.7063153,2.695542638346621e+269,-inf,-inf
"(18, 29)",1.3802220787625777e+268,-2182324503.672884,-inf,-inf
"(18, 31)",-73490252.94809213,1.0956539707892895e+235,-inf,-inf
"(18, 33)",-305206230.4503353,1.1052717735961954e+239,-inf,-inf
"(18, 39)",9.502712421424676e+155,-107303657.5336346,-inf,-inf
"(18, 43)",-2248725.8902235306,2.278340802383276e+98,-inf,-inf
"(18, 47)",-22877557.307445843,2.723049568767068e+96,-inf,-inf
"(18, 49)",8.012523399080424e+99,-39950732.456915244,-inf,-inf
"(18, 51)",1.9298746055701346e+122,-43831733.21522121,-inf,-inf
"(18, 53)",-15822552.759055365,4.734273832643987e+118,-inf,-inf
"(18, 55)",-169182836.83490247,1.2620190668345171e+115,-inf,-inf
"(18, 61)",3.954247792019709e+138,-80974183.94228783,-inf,-inf
"(18, 63)",-71363141.48870301,2.5590119476021808e+120,-inf,-inf
"(19, 1)",-inf,-49287977489.48297,-inf,1.3022034853519983e+273
"(19, 2)",-inf,-inf,-56487853962.11313,4.605601701282104e+273
"(19, 3)",-inf,-inf,-67963299854.125,1.5885542884113304e+274
"(19, 4)",-inf,-inf,-78378396640.61308,5.329036794576168e+274
"(19, 5)",-inf,1.7487525728486594e+275,-92193431847.8925,-inf
"(19, 7)",2.615154282167224e+281,-inf,-inf,-370574072425.2305
"(19, 8)",-inf,-inf,1.1011489360185029e+281,-388691709697.4377
"(19, 9)",-inf,-376661409629.16864,4.528275389125917e+280,-inf
"(19, 11)",-2085631989.2466967,1.2886192592448238e+274,-inf,-inf
"(19, 13)",-277324265.0425333,-inf,-inf,3.7462666185610655e+283
"(19, 14)",-inf,-inf,-287622118.65660626,1.97519650062526e+284
"(19, 15)",9.530459872971385e+284,-inf,-273061041.1205741,1.6190318636391266e+105
"(19, 16)",-inf,-inf,4.928116388060153e+283,-175233943.79096866
"(19, 17)",-113875286.9246928,-inf,1.8050904986357765e+282,-inf
"(19, 19)",1.7281098194794255e+277,-24139930349.20609,-inf,-inf
"(19, 21)",3.2495059075974333e+193,5.040041866496623e+276,-inf,-315272574.5708987
"(19, 22)",-inf,-inf,4.987039036745899e+276,-405087100.55839545
"(19, 23)",-511262164.3557941,-inf,4.889946300797905e+276,-inf
"(19, 25)",7.696807774592785e+270,-663573053.3269463,-inf,-inf
"(19, 27)",-1946307116.8271887,-inf,-inf,1.314103137074067e+269
"(19, 28)",-inf,-inf,-2167113247.8966217,6.3046173449838696e+268
"(19, 29)",2.974496048841452e+268,-inf,-2294229642.953917,-inf
"(19, 31)",-113716245.20877846,-inf,-inf,1.4765867731795083e+236
"(19, 32)",-inf,-inf,-164608246.9685726,1.5155956905649488e+237
"(19, 33)",-245324935.97826493,-inf,2.696330353599191e+226,1.2623561931100728e+238
"(19, 34)",-inf,-inf,-290780492.7641743,1.3510933462717797e+237
"(19, 35)",-inf,-inf,-347197162.6717395,1.3702829720405618e+236
"(19, 36)",-inf,-inf,-399813241.1110375,1.3134519009279336e+235
"(19, 37)",-inf,1.1862089933697545e+234,-458597749.4341304,-inf
"(19, 39)",5.113835567193759e+156,-102841974.458973,-inf,-103818385.78038593
"(19, 40)",-inf,-inf,2.670378976658682e+157,-119309707.3307652
"(19, 41)",-inf,-141681455.93241397,1.3781829623503718e+158,-inf
"(19, 43)",-2486536.8512887075,-inf,-inf,1.5741826365238548e+97
"(19, 44)",-inf,-inf,-2652534.188533016,1.0654707208903639e+96
"(19, 45)",-inf,7.062043213468009e+94,-2678687.155396405,-inf
"(19, 47)",-20601746.331473324,3.515594874195933e+95,-inf,-inf
"(19, 49)",5.6172901121322736e+100,-40211042.82492336,-inf,-inf
"(19, 51)",2.9794462089297474e+121,-inf,-inf,-35029501.77606492
"(19, 52)",-inf,-inf,4.043808511353239e+120,-26330472.26483273
"(19, 53)",-20742803.779094785,-inf,4.751139971811395e+119,-inf
"(19, 55)",-146602255.77883726,2.64275869876532e+114,-inf,-inf
"(19, 57)",-inf,-inf,-inf,2.0122665378579988e+133
"(19, 58)",-inf,-inf,-23843120.353024032,2.416493995421e+135
"(19, 59)",-inf,-40579523.22297452,-40326746.09938335,1.4154946061806989e+137
"(19, 60)",-inf,-inf,-50511954.1249823,4.437260745194134e+137
"(19, 61)",1.34608025712622e+138,-inf,-62930232.51430415,-inf
"(19, 63)",-97619193.93361324,3.369614076450613e+121,-inf,-inf
"(20, 1)",3.5980070599788073e+272,-42598991420.827965,-inf,-inf
"(20, 5)",-105204172253.65616,5.626523583619597e+275,-inf,-inf
"(20, 9)",1.820103855104314e+280,-350100010457.87823,-inf,-inf
"(20, 11)",-2418503099.874768,2.242279241825483e+273,-inf,-inf
"(20, 19)",1.5034861980271504e+276,-20646915533.026623,-inf,-inf
"(20, 21)",-401952018.20424783,4.965600045491746e+276,-inf,-inf
"(20, 25)",1.4354441582655037e+271,-528857711.6054781,-inf,-inf
"(20, 37)",-490631093.9462513,1.005786724102524e+233,-inf,-inf
"(20, 39)",4.981295522014857e+155,-86260589.73736024,-inf,-inf
"(20, 41)",7.030992389289193e+158,-160451255.24934268,-inf,-inf
"(20, 45)",-2559590.0969491405,4.582258446830172e+93,-inf,-inf
"(20, 47)",-17462108.726890843,4.446310999946934e+94,-inf,-inf
"(20, 49)",3.862685600763641e+101,-39301650.66387648,-inf,-inf
"(20, 55)",-128132710.63575688,5.441333769468615e+113,-inf,-inf
"(20, 59)",4.1265869084026653e+136,-54435360.68597572,-inf,-inf
"(20, 63)",-131206570.41313542,4.0100382169343276e+122,-inf,-inf
"(21, 1)",9.683563643224786e+271,-inf,-inf,-36458666773.37646
"(21, 2)",-inf,-inf,2.5461222039062624e+271,-31850297581.9654
"(21, 3)",-inf,-27740974977.8592,6.521345431109287e+270,-inf
"(21, 5)",-119682436049.13802,1.7676336664563774e+276,-inf,-inf
"(21, 7)",-inf,-247249748801.4852,-inf,1.0364830925495173e+279
"(21, 8)",-inf,-inf,-280930893270.9036,2.7541389558226293e+279
"(21, 9)",7.155526161899824e+279,-inf,-311074922481.90045,-inf
"(21, 11)",1.4150504167000352e+92,-inf,-inf,3.637946371430415e+272
"(21, 12)",-inf,-inf,-2641400573.301675,5.4793371958764214e+271
"(21, 13)",-inf,-inf,-2433268237.734154,7.622261930956327e+270
"(21, 14)",-inf,-inf,-2089281059.65242,9.734087561026435e+269
"(21, 15)",-inf,1.1334169946261727e+269,-1735716309.877272,-inf
"(21, 17)",-inf,-12783283832.260525,-inf,3.496555017231546e+272
"(21, 18)",-inf,-inf,-14857919180.158297,6.883513512901125e+273
"(21, 19)",1.1140440436025285e+275,-inf,-17466256139.783443,-inf
"(21, 21)",6.501548130390514e+174,-inf,-inf,4.835046244706273e+276
"(21, 22)",-inf,-inf,-569507813.9453636,4.654695111975031e+276
"(21, 23)",-inf,4.4268782622477764e+276,-633966178.2983521,-inf
"(21, 25)",2.638737715168629e+271,-inf,-inf,-416548921.3068373
"(21, 26)",-inf,-inf,4.777160955115044e+271,-327592277.21077627
"(21, 27)",-inf,-inf,8.519586730089536e+271,-249559005.2861758
"(21, 28)",-inf,-inf,1.4964819772058902e+272,-184765681.67652032
"(21, 29)",-inf,9.651152193276839e+239,2.588132932309541e+272,-131194888.63592584
"(21, 30)",-inf,-inf,4.391268471739464e+272,-153598322.75669703
"(21, 31)",-inf,-164205029.54252198,7.344182457336248e+272,-inf
"(21, 33)",-inf,8.182033831239747e+223,-inf,-43588536.95929169
"(21, 34)",-inf,-inf,4.910512174937882e+222,-27608406.93419538
"(21, 35)",-inf,-inf,1.3805211589078063e+221,-inf
"(21, 37)",-465561143.8045394,7.97575125360188e+231,-inf,-inf
"(21, 39)",4.4373011177175615e+154,-74908148.22669578,-inf,-inf
"(21, 41)",3.54593932013107e+159,-169052449.0095969,-inf,-inf
"(21, 43)",-inf,3.876572261339821e+84,-inf,-inf
"(21, 45)",-2278079.927031014,2.9095424369014547e+92,-inf,-inf
"(21, 47)",-13457371.877250258,5.50748619297752e+93,-inf,-inf
"(21, 49)",2.60577563979958e+102,-inf,-inf,-37561123.73013641
"(21, 50)",-inf,-inf,1.724846279388946e+103,-35908312.98648
"(21, 51)",-inf,-inf,1.1204848600866575e+104,-34415906.685459904
"(21, 52)",-inf,-inf,7.14448643537235e+104,-32078575.07570565
"(21, 53)",-inf,-28207374.273541257,4.472225525453992e+105,-inf
"(21, 55)",-104707296.7946292,-inf,-inf,1.1014590061251309e+113
"(21, 56)",-inf,-inf,-91060778.75014342,2.1917734856736306e+112
"(21, 57)",-inf,4.286798149677615e+111,-76053408.68623026,-inf
"(21, 59)",1.1591190145251188e+136,-66994137.09996171,-inf,-inf
"(21, 61)",-inf,3.9708416108628736e+125,-inf,-238860321.12909663
"(21, 62)",-inf,-inf,4.325241750369991e+124,-202473246.5579052
"(21, 63)",-168573253.39378116,-inf,4.34845574505802e+123,-inf
"(22, 3)",1.6207378336421434e+270,1.7825611814216144e+186,-inf,-inf
"(22, 5)",-136642054034.88203,5.426191892399486e+276,-inf,-inf
"(22, 7)",3.8063128771024565e+278,-217505775762.36505,-inf,-inf
"(22, 15)",1.6733598076242106e+259,1.1934948888566369e+268,-inf,-inf
"(22, 17)",1.3788148793321823e+271,-10925641903.137083,-inf,-inf
"(22, 23)",-639736841.8049561,4.1633682605629846e+276,-inf,-inf
"(22, 29)",2.266831567036107e+270,-78403270.35160518,-inf,-inf
"(22, 31)",1.2108405164286028e+273,-159534386.13185084,-inf,-inf
"(22, 33)",9.76606320558386e+210,8.541970602947149e+224,-inf,-inf
"(22, 37)",-411651440.1921293,5.8890010190113525e+230,-inf,-inf
"(22, 39)",3.5662385488265884e+153,-63021970.24105223,-inf,-inf
"(22, 41)",1.7678825858957098e+160,-159616835.84340855,-inf,-inf
"(22, 43)",-485131.67045756686,1.722899860412516e+86,-inf,-inf
"(22, 45)",-1949388.3201231733,1.8072091467391544e+91,-inf,-inf
"(22, 47)",-10324105.843179226,6.679738583118924e+92,-inf,-inf
"(22, 53)",2.7487321414945102e+106,-25213511.18356511,-inf,-inf
"(22, 57)",-64818532.00309595,8.23996518843426e+110,-inf,-inf
"(22, 59)",3.138279282748509e+135,-80373285.26280923,-inf,-inf
"(22, 61)",-277924901.261897,3.3811685833195526e+126,-inf,-inf
"(23, 1)",-inf,-13516878471.027792,-inf,2.159599788253112e+268
"(23, 2)",-inf,-inf,-16202637094.148684,9.376099648687983e+268
"(23, 3)",3.943047465485647e+269,-inf,-19598213982.95487,-inf
"(23, 5)",-154870084403.9083,-inf,-inf,1.6234441176586561e+277
"(23, 6)",-inf,-inf,-173397644881.5362,4.7629423401214635e+277
"(23, 7)",1.3650862687634978e+278,-inf,-194271228997.79163,-inf
"(23, 9)",-inf,4.693109191697055e+255,-inf,-6929684596.995208
"(23, 10)",-inf,-inf,4.64359980998163e+254,-8582403566.602374
"(23, 11)",-inf,-inf,4.4184293803109174e+253,-10551534241.902023
"(23, 12)",-inf,-inf,4.025166395421332e+252,-13084403656.966034
"(23, 13)",-inf,-15924204142.02788,3.475850192164048e+251,-inf
"(23, 15)",-1177086209.439905,1.1251502480340357e+267,-inf,-inf
"(23, 17)",3.94319240402392e+269,-inf,-inf,-9239421446.070663
"(23, 18)",-inf,-inf,7.446773313837768e+267,-7857619687.422776
"(23, 19)",-inf,-inf,6.750609889019318e+265,-6596438909.399132
"(23, 20)",-inf,-inf,1.3487389826458266e+257,-5455948903.654448
"(23, 21)",-inf,-4551628511.714432,4.4486099497210655e+256,-inf
"(23, 23)",-583413242.0539418,-inf,-inf,3.8720914725610555e+276
"(23, 24)",-inf,-inf,-511376028.5014252,3.5538350915597014e+276
"(23, 25)",-inf,-inf,-430559475.062068,3.22442057942959e+276
"(23, 26)",-inf,-inf,-350045890.0367837,2.8864505899429466e+276
"(23, 27)",-inf,2.558935002607817e+276,-280923691.94822353,-inf
"(23, 29)",9.760553360358368e+267,-inf,-inf,-inf
"(23, 31)",1.9660985999808096e+273,-141068401.35588425,-inf,-inf
"(23, 33)",-98073696.2924562,-inf,-inf,6.257142408033215e+225
"(23, 34)",-inf,-inf,-150461241.6515849,3.430526099988638e+226
"(23, 35)",-inf,1.4602395036581675e+227,1.9249942769124423e+220,2.4340224836607855e+217
"(23, 36)",-inf,-inf,2.5363115702456914e+228,-278665445.4660152
"(23, 37)",-338306167.9535901,-inf,4.027570350306718e+229,-inf
"(23, 39)",2.56817660154973e+152,-52022531.67495281,-inf,-inf
"(23, 41)",8.713937438361332e+160,-161497031.93548352,-inf,-inf
"(23, 43)",-800665.2079587799,3.7800323570155873e+87,-inf,-813141.3006585934
"(23, 44)",-inf,-inf,6.516576913269382e+88,-1100048.1961186586
"(23, 45)",-1460349.2891717714,-inf,1.0976507929706963e+90,-inf
"(23, 47)",-8022334.197365855,-inf,-inf,7.930573714844292e+91
"(23, 48)",-inf,-inf,-6546535.218306722,9.21456980472367e+90
"(23, 49)",-inf,1.0475193711158595e+90,-4794967.239953866,-inf
"(23, 51)",-inf,-14231857.073597748,-inf,8.679364494864816e+105
"(23, 52)",-inf,-inf,-16619727.290543305,4.030343264238859e+106
"(23, 53)",1.6590647729102477e+107,-inf,-21608719.52571905,-21629631.469650462
"(23, 54)",-inf,-inf,9.432235090051032e+107,-26205431.720101576
"(23, 55)",-inf,-inf,5.266601595984007e+108,-30557522.480972946
"(23, 56)",-inf,-inf,2.8885286586596185e+109,-40875685.37948676
"(23, 57)",-52917921.07179266,-inf,1.5564100847404944e+110,-inf
"(23, 59)",8.184791223160036e+134,-90949354.43988071,-inf,-inf
"(23, 61)",-295401188.7216286,-inf,-inf,2.684609412795685e+127
"(23, 62)",-inf,-inf,-305812465.7318785,1.9942476618628087e+128
"(23, 63)",-inf,1.390237941805423e+129,-288268027.19019884,-inf
"(24, 1)",4.878414023335146e+267,-11221356361.143969,-inf,-inf
"(24, 9)",-5523473331.388638,4.4730820258258356e+256,-inf,-inf
"(24, 13)",2.8595215834259733e+250,-19311825336.750786,-inf,-inf
"(24, 15)",-938351311.1158432,9.38028775888964e+265,-inf,-inf
"(24, 21)",1.4441931393947486e+256,-3697350894.6298375,-inf,-inf
"(24, 27)",-223502660.5060289,2.2374009148725164e+276,-inf,-inf
"(24, 31)",3.149777753465792e+273,-116469782.79667504,-inf,-inf
"(24, 35)",-288859120.6040083,7.523862414897553e+225,-inf,-inf
"(24, 39)",1.6385555751577962e+151,-40833192.86052844,-inf,-inf
"(24, 41)",4.2468795345398725e+161,-147946552.75054973,-inf,-inf
"(24, 43)",-912080.9952901236,2.135879141144231e+86,-inf,-inf
"(24, 49)",-3762655.508590821,1.164754421925149e+89,-inf,-inf
"(24, 51)",1.637798214994949e+105,-11754733.534710793,-inf,-inf
"(24, 59)",2.052714108767583e+134,-91603611.91328728,-inf,-inf
"(24, 63)",-251436629.20771465,9.128377986769808e+129,-inf,-inf
"(25, 1)",1.066612136544538e+267,-inf,-inf,-8960237697.19048
"(25, 2)",-inf,-inf,2.2710482228255e+266,-7201733880.798009
"(25, 3)",-inf,-inf,4.728121120803388e+265,-5859908239.568682
"(25, 4)",-inf,-inf,9.577489370272379e+264,1.945941973564483e+195
"(25, 5)",-inf,-3680258858.599053,1.8775554138165338e+264,-inf
"(25, 7)",-inf,3.154069002881275e+259,-inf,-2629535072.48496
"(25, 8)",-inf,-inf,3.7080022557777403e+258,-3396028011.9669137
"(25, 9)",-4293984182.156985,-inf,4.13666417835106e+257,-inf
"(25, 11)",-inf,6.390891590777416e+250,-inf,-inf
"(25, 13)",2.2177299414745583e+249,-22358573172.09984,-inf,-inf
"(25, 15)",2.452608983738334e+136,1.759870479946377e+260,-inf,6.807973899691365e+264
"(25, 16)",-inf,-inf,-954928580.8644196,4.087987313281324e+263
"(25, 17)",-inf,-inf,-1224716838.735999,2.0356504566713604e+262
"(25, 18)",-inf,-inf,-1542192526.1167965,8.070305392418098e+260
"(25, 19)",-inf,-inf,-1959381249.9605403,2.388200374418615e+259
"(25, 20)",-inf,-inf,-2454803679.814996,4.6894409376319844e+257
"(25, 21)",4.605508482250779e+255,-inf,-3014398809.948284,-inf
"(25, 23)",-inf,-inf,-inf,3.288716264219738e+271
"(25, 24)",-inf,-inf,-56957633.88065988,9.131693803329768e+273
"(25, 25)",-inf,1.391338062844507e+276,6.232684102568478e+211,-99768353.09678853
"(25, 26)",-inf,-inf,1.6527131012448694e+276,-133134861.67004655
"(25, 27)",-174847554.5368979,-inf,1.9363333502656488e+276,-inf
"(25, 29)",-inf,-157994384.99883735,-inf,1.173775278988984e+274
"(25, 30)",-inf,-inf,-123290432.12719016,7.688186768625032e+273
"(25, 31)",4.969637882381547e+273,3.0232841134549163e+224,-93143367.1774453,-inf
"(25, 33)",-inf,-76196097.95642382,-inf,-inf
"(25, 35)",-356874170.5774747,3.4811854245832614e+224,-inf,-inf
"(25, 37)",-inf,1.3839809927464514e+146,-inf,-inf
"(25, 39)",9.116048022315675e+149,-32671357.463137705,-inf,-inf
"(25, 41)",2.046608830013748e+162,-130851273.6765856,-inf,-inf
"(25, 43)",-1061282.5340412518,1.1781841417956829e+85,-inf,-inf
"(25, 45)",-inf,-1576320.1257898144,-inf,1.9491144435494767e+77
"(25, 46)",-inf,-inf,-1575292.2010478252,8.958449033459118e+75
"(25, 47)",-inf,4.002389837947143e+74,-1617682.90927231,-inf
"(25, 49)",-2840151.009382779,1.26640725221581e+88,-inf,-inf
"(25, 51)",2.668979335508941e+104,-inf,-inf,-9723140.273208557
"(25, 52)",-inf,-inf,3.674170238670155e+103,-7776092.926551322
"(25, 53)",-inf,-6083357.485636462,4.157989962850985e+102,-inf
"(25, 55)",-inf,-1906817.4271954133,-inf,7.110997739748508e+68
"(25, 56)",-inf,-inf,-1955464.9235042569,4.640052200241901e+67
"(25, 57)",-inf,2.935372176178584e+66,-1980002.465606785,-inf
"(25, 59)",4.948725492143326e+133,-85667544.10200131,-inf,-85693293.98611711
"(25, 60)",-inf,-inf,9.804303022401788e+132,-108337283.50669578
"(25, 61)",-inf,-inf,1.852342113845789e+132,-136651015.70364943
"(25, 62)",-inf,-inf,3.327091893178995e+131,-172331458.470956
"(25, 63)",-212080801.502722,-inf,5.662825916429021e+130,-inf
"(26, 5)",3.604294894397626e+263,-2934491980.570288,-inf,-inf
"(26, 7)",-1998780824.551828,2.6148936100687255e+260,-inf,-inf
"(26, 11)",-139438435.88179994,2.808260782838039e+253,-inf,-inf
"(26, 13)",1.648541552284784e+248,-25637779208.887947,-inf,-inf
"(26, 15)",2.9054306469283947e+264,-442961845.14481753,-inf,-inf
"(26, 25)",-131053734.05263986,1.1501270910785722e+276,-inf,-inf
"(26, 29)",1.768312886189634e+274,-201855912.3365008,-inf,-inf
"(26, 31)",4.6490281894990274e+271,-56440863.12855094,-inf,-inf
"(26, 33)",-1.1288159107761232e+44,-2.30965499276136e+43,-inf,-inf
"(26, 35)",-429227079.027922,1.4283972888988284e+223,-inf,-inf
"(26, 37)",-7318036.744284454,1.0451700390682856e+147,-inf,-inf
"(26, 39)",4.3333187807064975e+148,-26271385.391832896,-inf,-inf
"(26, 41)",9.752613733576463e+162,-109074046.19833754,-inf,-inf
"(26, 43)",-1212476.4364025476,6.341714888167757e+83,-inf,-inf
"(26, 45)",4.124739122689047e+78,-1514216.229798953,-inf,-inf
"(26, 47)",-1376439.2653469252,1.7370733520555062e+73,-inf,-inf
"(26, 49)",-2079061.9870474983,1.346016861440094e+87,-inf,-inf
"(26, 53)",3.7153413696477243e+101,-4647162.535356946,-inf,-inf
"(26, 55)",1.057197137601098e+70,-1853947.522989965,-inf,-inf
"(26, 57)",-1894066.1615080128,1.7991457254052234e+65,-inf,-inf
"(26, 59)",1.6424410608044783e+132,-59259848.46069422,-inf,-inf
"(27, 1)",-inf,-5053246299.832695,-inf,-5048421415.267597
"(27, 2)",-inf,-inf,-3.5104243570548164e+28,inf
"(27, 3)",-inf,inf,-8343108318.196481,-inf
"(27, 5)",6.716821031758911e+262,-inf,-inf,-2320346562.096106
"(27, 6)",-inf,-inf,1.2143077089224598e+262,-1849115829.2631333
"(27, 7)",1.9730929043449515e+182,-inf,2.1209127640542487e+261,-1480590671.1816506
"(27, 8)",-inf,-inf,9.79188328522402e+259,-855321340.1809745
"(27, 9)",-inf,-inf,3.758548267297233e+258,-536918066.2319767
"(27, 10)",-inf,-inf,1.331238088912394e+257,-343143821.7592265
"(27, 11)",-215593580.74241388,-215699066.5945996,4.176389966575657e+255,-inf
"(27, 13)",1.1555753024289291e+247,-28179331083.101955,-inf,-inf
"(27, 15)",9.014616537677929e+263,-272277753.09868544,-inf,-inf
"(27, 17)",-inf,1.0195203195460829e+223,-inf,-22678917920.73016
"(27, 18)",-inf,-inf,5.551217623499218e+220,-24274354875.969707
"(27, 19)",-inf,-inf,1.395384669808153e+218,-23966623832.727924
"(27, 20)",-inf,-inf,inf,-19927921195.027203
"(27, 21)",-inf,-inf,-230756633753.47418,-427666210433.136
"(27, 22)",-inf,-inf,-53174360062.45075,-259222784940.81168
"(27, 23)",-inf,-12282994584.188423,-12258138846.51226,-inf
"(27, 25)",-168970620.10737264,9.394022945803265e+275,-inf,-inf
"(27, 27)",-inf,-350853523.67773414,-inf,5.561654414788944e+274
"(27, 28)",-inf,-inf,-294693297.5811718,3.848953899399964e+274
"(27, 29)",2.626056121835159e+274,-inf,-245814898.88191247,-inf
"(27, 31)",1.4844078948660763e+269,-inf,-inf,-inf
"(27, 33)",-1.6731717669882964e+43,inf,-inf,-inf
"(27, 35)",-516990941.2720337,5.116620334474543e+221,-inf,-inf
"(27, 37)",-10757098.249645418,-inf,-inf,2.943229954201128e+147
"(27, 38)",-inf,-inf,-15443632.779267738,3.673592611902663e+147
"(27, 39)",1.7153438578529654e+147,-inf,-20729213.269760974,-inf
"(27, 41)",4.5959186808599134e+163,-91289038.51191176,-inf,-inf
"(27, 43)",-1486272.8529565043,-inf,-inf,3.3292321472162196e+82
"(27, 44)",-inf,-inf,-1531690.720063188,1.7037600368073342e+81
"(27, 45)",8.495173057758711e+79,-inf,-1542516.945092453,-inf
"(27, 47)",-1128540.1547665594,7.318762775422434e+71,-inf,-inf
"(27, 49)",-1515760.5923162822,1.398084932409498e+86,-inf,-inf
"(27, 51)",-inf,-inf,-inf,2.275165284890785e+97
"(27, 52)",-inf,-inf,-2296180.602470371,1.0664759940796228e+99
"(27, 53)",2.454808303614796e+100,-inf,-3317942.8265015497,-inf
"(27, 55)",1.5256676957895506e+71,-1747535.7006673238,-inf,-inf
"(27, 57)",-1913617.5917601767,1.0676475461502789e+64,-inf,-inf
"(27, 59)",3.991667621158981e+130,-41061058.27003016,-inf,-inf
"(27, 61)",-inf,-142626.39510519092,-inf,1.1627428025387173e+48
"(27, 62)",-inf,-inf,-112436.1701670173,4.116879740600544e+46
"(27, 63)",-inf,1.385179515631011e+45,-79936.1463125775,-inf
"(28, 1)",-3.280808398849894e+19,-3.2958092173994385e+19,-inf,-inf
"(28, 3)",-1.4523267392997137e+21,-1.3046058061613548e+21,-inf,-inf
"(28, 11)",8.40327519976347e+253,-207404637.1444724,-inf,-inf
"(28, 13)",7.473649026594232e+245,1.0947293000402946e+148,-inf,-inf
"(28, 15)",1.9890819964770326e+263,-170601180.4530895,-inf,-inf
"(28, 17)",-19906063766.17105,1.1572185157560409e+225,-inf,-inf
"(28, 23)",inf,-18848166433.78915,-inf,-inf
"(28, 25)",-215439659.82658103,7.570570438999407e+275,-inf,-inf
"(28, 27)",7.928808490772327e+274,-402622334.9990901,-inf,-inf
"(28, 33)",-1.8761504404102132e+32,inf,-inf,-inf
"(28, 35)",-632219949.3488525,1.5674800770044908e+220,-inf,-inf
"(28, 41)",2.1420026430848373e+164,-80254223.12035356,-inf,-inf
"(28, 47)",-1013191.9077902724,2.9914147356147106e+70,-inf,-inf
"(28, 49)",-1103745.4184597486,1.418677619443089e+85,-inf,-inf
"(28, 55)",2.138382716043287e+72,-1578246.5987236302,-inf,-inf
"(28, 57)",-1838753.207287752,6.129500994321455e+62,-inf,-inf
"(28, 59)",6.371545055009118e+128,-25810582.63323925,-inf,-inf
"(28, 61)",3.1273836677824476e+49,-188778.0891434294,-inf,-inf
"(28, 63)",-61337.504398380246,4.419274415160652e+43,-inf,-inf
"(29, 1)",-2.8013699395558096e+24,-4.4909895242392433e+24,-inf,-inf
"(29, 3)",-13429993643.83051,-inf,-inf,inf
"(29, 4)",-inf,-inf,-3.205736567581488e+19,-9.79076470247707e+18
"(29, 5)",-inf,inf,-22317668416.22216,-inf
"(29, 7)",-inf,-inf,-inf,2.4007644989434885e+243
"(29, 8)",-inf,-inf,-82367835.18874806,9.792596165939818e+245
"(29, 9)",-inf,-inf,-113724987.70416348,1.896396658233448e+248
"(29, 10)",-inf,-inf,-148728671.98170963,1.945208473508813e+250
"(29, 11)",1.4637701645235626e+252,-inf,-181656640.54516143,-inf
"(29, 13)",4.743700799615064e+244,-27797873494.49672,-inf,-inf
"(29, 15)",2.9597492854670604e+262,-106993456.98534918,-inf,-inf
"(29, 17)",-17660449918.291252,1.0081572475910218e+227,-inf,-inf
"(29, 19)",-inf,inf,-inf,-355560979.2782708
"(29, 20)",-inf,-inf,-4353434418897327.5,-1.2274031066084574e+16
"(29, 21)",-inf,-inf,-98828558.25979382,-inf
"(29, 23)",-373646724732.93396,-891858660177.2463,-inf,-inf
"(29, 25)",-262909945.1223732,6.028232733371162e+275,-inf,-inf
"(29, 27)",1.1167141409109103e+275,-428031420.035666,-inf,-inf
"(29, 29)",-inf,inf,-inf,-1554016505.5265782
"(29, 30)",-inf,-inf,-1.1672686620963012e+45,-1.928486584029618e+45
"(29, 31)",-inf,-inf,inf,-1.6400146171586871e+35
"(29, 32)",-inf,-inf,-8.54061035016872e+37,-1.0262810709547781e+38
"(29, 33)",-427530692.9867115,-inf,-426897142.5607577,-inf
"(29, 35)",-758434344.3681812,-inf,-inf,3.9928868252067505e+218
"(29, 36)",-inf,-inf,-913943198.6095102,8.119156116771457e+216
"(29, 37)",-inf,-inf,-1094981897.5063598,1.2354945769186396e+215
"(29, 38)",-inf,-inf,-1295077143.357028,1.2506125499477027e+213
"(29, 39)",-inf,6.315188080589665e+210,-1530243568.7021642,-inf
"(29, 41)",9.87394911524214e+164,-69278888.00550205,-inf,-70123928.75626215
"(29, 42)",-inf,-inf,4.444672574709204e+165,-82733692.8558022
"(29, 43)",-inf,-inf,1.978989688080856e+166,-101413544.0641808
"(29, 44)",-inf,-inf,8.715595456686361e+166,-119200038.66858631
"(29, 45)",-inf,-135394754.2455656,3.796701302015137e+167,-inf
"(29, 47)",-856525.7557054508,1.1852661157658265e+69,-inf,-inf
"(29, 49)",-816113.1056283015,-829206.1698972925,-inf,1.405886473897257e+84
"(29, 50)",-inf,-inf,-898249.0798207584,1.350209899564273e+83
"(29, 51)",-inf,1.2655692568040432e+82,-1020488.7011850028,-inf
"(29, 53)",-inf,-975466.4441435356,-inf,4.968026623649918e+75
"(29, 54)",-inf,-inf,-1174589.241548055,3.856807474633464e+74
"(29, 55)",2.9125123769491025e+73,-inf,-1351686.5867647023,-inf
"(29, 57)",-1585063.298048671,3.401824504670418e+61,-inf,-inf
"(29, 59)",5.024012338482637e+126,-inf,-inf,-inf
"(29, 61)",8.026717004207913e+50,-233338.8570058653,-inf,-inf
"(29, 63)",-45014.34825504285,1.3341187758658784e+42,-inf,-inf
"(30, 1)",inf,-1.3848211536681249e+19,-inf,-inf
"(30, 5)",-3.668547870933774e+16,inf,-inf,-inf
"(30, 13)",2.7598030859411917e+243,-25243635472.472534,-inf,-inf
"(30, 15)",2.656057224017652e+261,-68918317.45537257,-inf,-inf
"(30, 17)",-15521096168.004314,7.471996232780719e+228,-inf,-inf
"(30, 19)",-202334275383.49847,-156220704704.01837,-inf,-inf
"(30, 23)",inf,-294119158325.61584,-inf,-inf
"(30, 25)",-314547977.6807035,4.736480388680034e+275,-inf,-inf
"(30, 27)",1.550741174144602e+275,-399363324.2218604,-inf,-inf
"(30, 29)",-8.743503997195583e+31,-1.031466027713802e+31,-inf,-inf
"(30, 39)",-1819372683.0588148,6.682542200490514e+210,-inf,-inf
"(30, 41)",5.7319107809434366e+163,-50788308.24872009,-inf,-inf
"(30, 45)",1.636164235698302e+168,-161286045.04640096,-inf,-inf
"(30, 47)",-727017.3676420926,4.5490879044613816e+67,-inf,-inf
"(30, 49)",1.0498079625560486e+83,-546311.9572251305,-inf,-inf
"(30, 51)",-1092855.5101905407,1.1573043611133577e+81,-inf,-inf
"(30, 53)",6.227863389951889e+76,-887233.2067889764,-inf,-inf
"(30, 57)",-1252466.0235581154,1.823553538736756e+60,-inf,-inf
"(30, 61)",1.9695574702217005e+52,-281873.0972677539,-inf,-inf
"(30, 63)",-34521.76355836252,3.8042341064320648e+40,-inf,-inf
"(31, 1)",inf,-64858060687.24139,-inf,-1671732690.8525136
"(31, 2)",-inf,-inf,-2.392729906709415e+22,-1.4261033613659074e+23
"(31, 3)",-inf,-2601389747.656945,inf,-inf
"(31, 5)",-35215689247.62034,-inf,-inf,-35175321600.065186
"(31, 6)",-inf,-inf,-5.230597526341573e+18,inf
"(31, 7)",-inf,-inf,-1.7485369666279224e+20,-1.2464277514783929e+20
"(31, 8)",-inf,-inf,-1.55834934196254e+24,-6.751372845302601e+23
"(31, 9)",-inf,-inf,-8.96032814712603e+20,-8.443745186716603e+20
"(31, 10)",-inf,-inf,-5.728126784863216e+19,inf
"(31, 11)",-inf,-101643304243.29211,-101802337260.20348,-inf
"(31, 13)",1.5171414972018968e+242,-21749447991.18985,-inf,-inf
"(31, 15)",1.0819081596689949e+260,-inf,-inf,-inf
"(31, 17)",-12800768652.619562,4.333239054820384e+230,-inf,-inf
"(31, 19)",-758670280.022104,-inf,-inf,-758399207.757663
"(31, 20)",-inf,-inf,-2307447518008485.0,inf
"(31, 21)",-inf,inf,-1194934694.7415822,-inf
"(31, 23)",-441442771802.8336,-614841847320.3726,-inf,-inf
"(31, 25)",-355772936.23129,-inf,-inf,3.679319718213394e+275
"(31, 26)",-inf,-inf,-372252230.340508,2.8165931473362873e+275
"(31, 27)",2.126730421074364e+275,2.2295045054056884e+246,-347008129.9277781,-inf
"(31, 29)",-4.060069133327376e+39,inf,-inf,-inf
"(31, 31)",-inf,2.6617669982184014e+214,-inf,-132915431.09551722
"(31, 32)",-inf,-inf,1.9379644702973328e+213,-102273544.97271726
"(31, 33)",-inf,-inf,1.23401958119286e+212,-74967771.01057893
"(31, 34)",-inf,-inf,6.801100210921839e+210,4.845887959380454e+158
"(31, 35)",-inf,-35415327.6179151,3.249196623196589e+209,-35386173.95999893
"(31, 36)",-inf,-inf,4.300317953181207e+207,-25281782.27665576
"(31, 37)",-inf,-inf,2.5184334195675203e+205,-inf
"(31, 39)",-2138632496.617184,7.003894178111099e+210,-inf,-inf
"(31, 41)",2.867388444916484e+162,-36008871.66128802,-inf,-inf
"(31, 43)",-inf,2.448881669374043e+152,-inf,-inf
"(31, 45)",6.975312898596393e+168,-191641688.763587,-inf,-inf
"(31, 47)",-617686.3467978754,1.689886976266317e+66,-inf,-inf
"(31, 49)",3.825395401530016e+81,-inf,-inf,-inf
"(31, 51)",-1037324.149237874,-inf,-inf,1.0320868794965136e+80
"(31, 52)",-inf,-inf,-898812.2772307197,8.972766950709131e+78
"(31, 53)",7.601436602765869e+77,-inf,-713660.0235914822,-694639.6158951866
"(31, 54)",-inf,-inf,6.45284585976492e+76,-441942.1402295894
"(31, 55)",-inf,-inf,2.6655341517634788e+75,-inf
"(31, 57)",-949035.020716064,-inf,-inf,9.432875855978536e+58
"(31, 58)",-inf,-inf,-726458.780338508,4.703826923539233e+57
"(31, 59)",-inf,-inf,-545409.0394185436,2.258761964610897e+56
"(31, 60)",-inf,-inf,-423265.60643466393,1.0432361946501016e+55
"(31, 61)",4.628317367354654e+53,-inf,-341996.3375563257,-inf
"(31, 63)",-27023.084753420106,1.023535627442252e+39,-inf,-inf
"(32, 1)",inf,-6.646914464643146e+20,-inf,-inf
"(32, 3)",-1.0632536146464281e+23,-1.1616745048197089e+24,-inf,-inf
"(32, 11)",-3.9425403235721073e+18,inf,-inf,-inf
"(32, 13)",7.711565456838537e+240,-18493275016.42998,-inf,-inf
"(32, 17)",-10615224337.40681,2.0875631801326248e+232,-inf,-inf
"(32, 21)",-1647994922.6859305,inf,-inf,-inf
"(32, 23)",inf,-183661774836.58722,-inf,-inf
"(32, 27)",6.400734137845538e+273,-272905392.46372336,-inf,-inf
"(32, 29)",-9.416129432022026e+32,inf,-inf,-inf
"(32, 31)",-165762630.98531362,3.2577204567066828e+215,-inf,-inf
"(32, 35)",9.050513376839241e+207,-32201250.86867598,-inf,-inf
"(32, 39)",-2539578245.0325704,7.270801091690712e+210,-inf,-inf
"(32, 41)",1.2248245848634462e+161,-25919338.25850517,-inf,-inf
"(32, 43)",-5629449.270479575,3.576366162194229e+154,-inf,-inf
"(32, 45)",2.9420595551568623e+169,-226889184.5625839,-inf,-inf
"(32, 47)",-517710.7661295369,6.070874445468907e+64,-inf,-inf
"(32, 63)",-20431.36377848128,2.598786980310663e+37,-inf,-inf
"(33, 1)",inf,-4.746369121684753e+19,-inf,-inf
"(33, 3)",inf,-6.380119829104951e+19,-inf,-inf
"(33, 5)",-inf,inf,-inf,-68555698140.97519
"(33, 6)",-inf,-inf,-6.203744851696184e+21,-1.9822794531226727e+22
"(33, 7)",-inf,-inf,inf,-4.1824913309272616e+21
"(33, 8)",-inf,-inf,-1.4511821371328086e+17,-2.502071798075017e+17
"(33, 9)",-inf,-inf,inf,-5.894526858680932e+17
"(33, 10)",-inf,-inf,inf,-1.4548122367310284e+25
"(33, 11)",-127610010413.40096,-inf,-127270806585.14806,-inf
"(33, 13)",3.6794871496077368e+239,-inf,-inf,-15838916647.197714
"(33, 14)",-inf,-inf,1.6233837724750095e+238,-13948265140.951668
"(33, 15)",-inf,-inf,6.4557788944576895e+236,-12069586642.679884
"(33, 16)",-inf,-inf,2.4440466000420366e+235,-10081190955.184977
"(33, 17)",-8573337058.778486,-inf,8.143281074650295e+233,-8550376242.629841
"(33, 18)",-inf,-inf,4.5082357010384685e+231,-5955839032.668399
"(33, 19)",-inf,-inf,1.2795776449607185e+229,-4456952692.426668
"(33, 20)",-inf,-inf,-3086656250.23952,-3092066531.826689
"(33, 21)",-2289550361.6999745,-inf,-2287735823.286757,-inf
"(33, 23)",-1845283268528.82,-2547467137415.819,-inf,-inf
"(33, 25)",-inf,2.354544026889513e+260,-inf,-inf
"(33, 27)",1.688863481841862e+272,-215250689.46524623,-inf,-inf
"(33, 29)",-3.384157648110397e+36,inf,-inf,-inf
"(33, 31)",-198851987.65847048,5.863369717729854e+158,-inf,3.6405534410312446e+216
"(33, 32)",-inf,-inf,-249260690.97776803,2.0856641671191456e+217
"(33, 33)",-inf,1.1190708239392315e+218,-302174928.75250506,-inf
"(33, 35)",1.8281920191058242e+206,-26338888.041614253,-inf,-inf
"(33, 37)",-inf,3.8489635194016857e+211,-inf,-3624758080.205401
"(33, 38)",-inf,-inf,1.6109287470894546e+211,-3286457622.518916
"(33, 39)",-2918126619.0836706,-inf,7.475788205172679e+210,-inf
"(33, 41)",4.345592767743175e+159,-inf,-inf,-18862442.40957145
"(33, 42)",-inf,-inf,1.2235679863916506e+158,-13223760.41372951
"(33, 43)",-8995378.83245283,-inf,2.561427991182121e+156,-inf
"(33, 45)",1.227714259569104e+170,-267159335.65677315,-inf,-inf
"(33, 47)",-431479.5558839091,-inf,-inf,2.1072796231653096e+63
"(33, 48)",-inf,-inf,-357819.14666012966,7.060979412235205e+61
"(33, 49)",-inf,-inf,-316945.7538456058,2.2816391835019607e+60
"(33, 50)",-inf,-inf,-280767.66012886795,7.102349650699127e+58
"(33, 51)",-inf,-inf,-252895.922569336,2.127290664599595e+57
"(33, 52)",-inf,-inf,-221179.11241929792,6.123008008003264e+55
"(33, 53)",-inf,-inf,-196449.8279783585,1.6912015493976134e+54
"(33, 54)",-inf,-inf,-153858.06737304584,4.475248915753778e+52
"(33, 55)",-inf,-inf,-118729.51167146678,1.1324679616883588e+51
"(33, 56)",-inf,-inf,-87274.55134327894,2.7345785784789097e+49
"(33, 57)",-inf,-inf,-67306.67581737245,6.285209535171258e+47
"(33, 58)",-inf,-inf,-54375.18568159471,1.3710015439493337e+46
"(33, 59)",-inf,-inf,-45271.94776439809,2.8284455865822166e+44
"(33, 60)",-inf,-inf,-36751.76169265308,5.496702737142118e+42
"(33, 61)",-inf,1.0015689542373651e+41,-26534.48621097077,-inf
"(33, 63)",-15997.840088286908,6.239663340117029e+35,-inf,-inf
"(34, 1)",inf,-5.488602998005944e+25,-inf,-inf
"(34, 3)",-9.364839578451757e+23,-9.65690898198646e+23,-inf,-inf
"(34, 5)",-9.168635688914774e+16,-4.19278244692552e+16,-inf,-inf
"(34, 23)",-30432863775.83963,-78152634508.40222,-inf,-inf
"(34, 25)",-43797667.36452683,6.680774678896638e+262,-inf,-inf
"(34, 27)",3.750761056641278e+270,-167387045.37496766,-inf,-inf
"(34, 29)",-2.6271357187699378e+42,inf,-inf,-inf
"(34, 31)",2.7463867541230485e+215,-182827799.7968841,-inf,-inf
"(34, 33)",-350098043.5386236,5.700705927050324e+218,-inf,-inf
"(34, 35)",2.2855236492101689e+204,-19854434.63611648,-inf,-inf
"(34, 37)",-4020630246.594179,2.190851889929365e+212,-inf,-inf
"(34, 45)",5.069395174961552e+170,-315355162.00126594,-inf,-inf
"(34, 61)",-20309.70419548943,1.7020427244039165e+39,-inf,-inf
"(34, 63)",-11835.058617594354,1.4229996749275412e+34,-inf,-inf
"(35, 1)",-220079232.2784821,-inf,-inf,-inf
"(35, 3)",-2.2750466645589173e+23,-6.941118131058256e+23,-inf,-inf
"(35, 5)",-1.0185424136434867e+17,-4.629365065276219e+16,-inf,-inf
"(35, 7)",-inf,-399154923.4849189,-inf,-398473791.5806174
"(35, 8)",-inf,-inf,-228267007467621.7,inf
"(35, 9)",-inf,-952559540.5421134,-952977358.8604816,-inf
"(35, 11)",-inf,-7182438206.124543,-inf,inf
"(35, 12)",-inf,-inf,-450686656699.6631,-448623613504.1768
"(35, 13)",-inf,-12807705726.10374,-243282162818.0305,inf
"(35, 14)",-inf,-inf,-69446943586843.21,-9082570349244.871
"(35, 15)",-inf,inf,-16694402713.623137,-inf
"(35, 17)",-inf,-7004703600.635863,-inf,-7002063972.748245
"(35, 18)",-inf,-inf,-96756587883305.62,-39064620043071.18
"(35, 19)",-inf,-inf,-300058907726.12427,inf
"(35, 20)",-inf,-inf,-10391457635.192612,inf
"(35, 21)",-inf,-1155674886.3086464,-1156676267.3555653,-inf
"(35, 23)",inf,-24023391870.330376,-inf,-inf
"(35, 25)",-65738386.05609996,-inf,-inf,1.0089344511569773e+265
"(35, 26)",-inf,-inf,6.208311168289466e+194,9.984685871324672e+266
"(35, 27)",7.12958379822787e+268,-inf,-126855983.02066764,-inf
"(35, 29)",-1.4091863174864067e+40,inf,-inf,-inf
"(35, 31)",1.7659299114118865e+214,-157997371.7588597,-inf,-inf
"(35, 33)",1.4113459394130616e+190,2.771866363666369e+219,-inf,-inf
"(35, 35)",1.4044216946090694e+202,-inf,-inf,-inf
"(35, 37)",-4370792694.091048,2.7331286829961205e+213,-inf,-inf
"(35, 39)",-inf,-352942116.02408266,-inf,7.746240513623766e+174
"(35, 40)",-inf,-inf,-383420034.00926393,2.0173410092744927e+174
"(35, 41)",-inf,-inf,-409406399.7538295,5.200364652711648e+173
"(35, 42)",-inf,-inf,-444261274.92369765,1.3268891869103954e+173
"(35, 43)",-inf,-inf,-450605549.827072,3.350824816179847e+172
"(35, 44)",-inf,-inf,-422836356.03175056,8.374290804403664e+171
"(35, 45)",2.071264408902642e+171,-inf,-377091604.1623005,-inf
"(35, 47)",-inf,-inf,-inf,7.022123722831359e+34
"(35, 48)",-inf,-inf,-45902.601151617535,4.98817825397425e+35
"(35, 49)",-inf,1.7457597872174212e+36,-46881.7858982093,-45820.96271835163
"(35, 50)",-inf,-inf,4.988330824841227e+35,-41001.680473606335
"(35, 51)",-inf,-inf,7.022481043371636e+34,-inf
"(35, 53)",-inf,-81406.63715256743,-inf,3.9539630991928754e+35
"(35, 54)",-inf,-inf,-76622.1916324873,2.107718409508702e+35
"(35, 55)",-inf,1.059194671940769e+35,-62156.21794572989,2.7279259487727224e+16
"(35, 56)",-inf,-inf,9.033496795529654e+34,-64843.75677289567
"(35, 57)",-inf,-inf,6.515455391903774e+34,-65733.16870113554
"(35, 58)",-inf,-inf,3.807508928699522e+34,-60995.37082923701
"(35, 59)",-inf,-53866.746940238125,1.684922125518092e+34,-inf
"(35, 61)",-13969.995175485215,2.6813627902353075e+37,-inf,-inf
"(35, 63)",-9122.504706941654,3.103041459113877e+32,-inf,-inf
"(36, 3)",inf,-4.7649699314769155e+31,-inf,-inf
"(36, 5)",-1.1323310740847072e+20,-4.1309257434897195e+19,-inf,-inf
"(36, 7)",inf,-116554622691906.78,-inf,-inf
"(36, 9)",-1.213481333804873e+21,inf,-inf,-inf
"(36, 11)",inf,-1696651381088.1416,-inf,-inf
"(36, 13)",-3515533497348073.0,-1.319624540475243e+16,-inf,-inf
"(36, 15)",-5023534190808.152,-2876346666685.6113,-inf,-inf
"(36, 17)",inf,-336980182097.4189,-inf,-inf
"(36, 21)",-3202594570823.205,inf,-inf,-inf
"(36, 23)",-205206758282.21637,-1376104498103.96,-inf,-inf
"(36, 29)",-1.64043020047116e+32,inf,-inf,-inf
"(36, 31)",1.0201788206828515e+213,-130377398.79173976,-inf,-inf
"(36, 33)",-387666973.8598511,1.2760190536373248e+220,-inf,-inf
"(36, 37)",-4826029400.73331,3.2349498043382924e+214,-inf,-inf
"(36, 39)",2.944187102110253e+175,-322109220.81315166,-inf,-inf
"(36, 49)",-57296.73137873951,2.413081413895904e+36,-inf,-inf
"(36, 53)",6.934835489191327e+35,-89010.03868737209,-inf,-inf
"(36, 55)",-55490.05268238018,3.611905869883002e+34,-inf,-inf
"(36, 59)",4.998127951124111e+33,-51031.623398492906,-inf,-inf
"(36, 61)",-10219.459696806463,3.889709221958394e+35,-inf,-inf
"(36, 63)",-7149.283364442114,6.517726185432434e+30,-inf,-inf
"(37, 1)",-inf,-1749990033.156545,-inf,inf
"(37, 2)",-inf,-inf,-1.0678163640453435e+19,-9.80358093570747e+18
"(37, 3)",-2716431138.217515,-inf,-2720136839.916912,-inf
"(37, 5)",-2.1367163861372963e+21,inf,-inf,-inf
"(37, 7)",-167606473.54171348,-inf,-inf,-inf
"(37, 9)",-2210659763.12012,-inf,-inf,inf
"(37, 10)",-inf,-inf,-2.9184500282976804e+16,-1.1441105807078216e+16
"(37, 11)",inf,-inf,-4225593444.851305,-inf
"(37, 13)",inf,-2816438426926979.5,-inf,-inf
"(37, 15)",-15625342746.609886,-inf,-inf,inf
"(37, 16)",-inf,-inf,-2411826273511.0103,-1280971178419.1172
"(37, 17)",-11289337830.57515,-inf,-11299930396.788378,-inf
"(37, 19)",-inf,-inf,-inf,-389732755.2234601
"(37, 20)",-inf,-inf,-156630462069.9947,inf
"(37, 21)",-625346159.7433783,-inf,-5124603219.58065,inf
"(37, 22)",-inf,-inf,-34743353412.09741,-10931955895.264565
"(37, 23)",inf,-inf,-1110048172.2057488,-inf
"(37, 25)",-inf,-24416372723.763138,-inf,-24434313209.944214
"(37, 26)",-inf,-inf,inf,-2.006792538411274e+30
"(37, 27)",-inf,-inf,-1.1005959708891358e+40,-1.9587064784133073e+40
"(37, 28)",-inf,-inf,inf,-9.390312701520649e+43
"(37, 29)",-11037509678.528145,-inf,-11025606732.698578,-inf
"(37, 31)",5.087502563658924e+211,-105345327.87102428,-inf,-inf
"(37, 33)",-361110569.0478624,5.559986552912491e+220,-inf,-inf
"(37, 35)",-inf,1.4201777774990611e+217,-inf,-5352893715.246609
"(37, 36)",-inf,-inf,2.2921748608555968e+216,-5490308594.097639
"(37, 37)",-5290389259.686155,-inf,3.036361388598028e+215,-inf
"(37, 39)",1.1077173843119908e+176,-inf,-inf,-291056186.82611394
"(37, 40)",-inf,-inf,4.126211224877813e+176,-260691270.9118919
"(37, 41)",-inf,-inf,1.5216448739492105e+177,-239085869.0920725
"(37, 42)",-inf,-inf,5.5558007587219895e+177,-212236541.27563944
"(37, 43)",-inf,-178494292.77950168,2.008344721459153e+178,-178866777.49932304
"(37, 44)",-inf,-inf,7.092780660686861e+178,-205258854.8944929
"(37, 45)",-inf,-inf,2.4803054582752115e+179,-244230455.15796444
"(37, 46)",-inf,-inf,8.588438517228187e+179,-284371203.986073
"(37, 47)",-inf,-304661703.8366422,2.9446588534312416e+180,-inf
"(37, 49)",-67329.17940435473,-inf,-inf,2.7488813716406406e+36
"(37, 50)",-inf,-inf,-71937.53598443775,2.6604597007450056e+36
"(37, 51)",-inf,-inf,-83557.66203391456,2.2397676453345333e+36
"(37, 52)",-inf,-inf,-90986.60926924364,1.672385479113991e+36
"(37, 53)",1.1260085306929304e+36,-inf,-94052.74836280526,-inf
"(37, 55)",-42865.12517772552,-inf,-inf,1.2014450545022258e+34
"(37, 56)",-inf,-inf,-32691.817215590832,3.92823739767747e+33
"(37, 57)",-inf,1.2715324008434074e+33,-24575.26079045337,-inf
"(37, 59)",7.419197211804435e+32,-inf,-inf,-inf
"(37, 61)",-7949.858512159506,5.157418395381951e+33,-inf,-inf
"(37, 63)",-5234.377780144582,1.32600157633358e+29,-inf,-inf
"(38, 1)",-2.9396259496815234e+23,-6.779184636975965e+23,-inf,-inf
"(38, 5)",-1.2014666643835156e+18,inf,-inf,-inf
"(38, 13)",-940261948127636.2,-3446402597251494.5,-inf,-inf
"(38, 25)",-1.2443024412780612e+48,-7.865334299541614e+47,-inf,-inf
"(38, 31)",2.1647194369153656e+210,-84119970.41223143,-inf,-inf
"(38, 33)",-312395167.19362384,2.3012987947658583e+221,-inf,-inf
"(38, 35)",-5007402857.012475,7.355075985285265e+217,-inf,-inf
"(38, 43)",9.597702399442909e+176,-130452526.23328917,-inf,-inf
"(38, 47)",9.998045164843963e+180,-300528976.3338727,-inf,-inf
"(38, 57)",-18943.657893024265,4.085033313513817e+32,-inf,-inf
"(38, 61)",-6109.164301561581,6.199437472410707e+31,-inf,-inf
"(38, 63)",-3860.283986763495,2.619841161223761e+27,-inf,-inf
"(39, 1)",inf,-50855602705.87229,-inf,-1044257844.613448
"(39, 2)",-inf,-inf,-6.41806005319478e+37,-1.7917165304262693e+38
"(39, 3)",-inf,-1967241801.967388,-1965695388.4440649,-inf
"(39, 5)",-17403711771.671043,-inf,-inf,-17363384368.104897
"(39, 6)",-inf,-inf,-379250472839132.4,inf
"(39, 7)",-inf,-inf,-961343444679680.8,-173481559310140.75
"(39, 8)",-inf,-inf,-1.6908061437178424e+21,-9.140220620391742e+20
"(39, 9)",-inf,inf,-5619426340.48078,-inf
"(39, 11)",-inf,-8711599366.404886,-inf,-8693225288.655113
"(39, 12)",-inf,-inf,-1.0807078668167856e+20,inf
"(39, 13)",inf,-inf,-12035286856.661283,-inf
"(39, 15)",-inf,inf,-inf,-495631235915.553
"(39, 16)",-inf,-inf,-7.883710684319104e+43,-2.0916255113259306e+44
"(39, 17)",-inf,-inf,inf,-1.101938299714937e+32
"(39, 18)",-inf,-inf,inf,-1.847384557127291e+34
"(39, 19)",-inf,-inf,-1.5393579338332032e+31,-1.9052390469137112e+31
"(39, 20)",-inf,-inf,inf,-2.5731122739336127e+29
"(39, 21)",-inf,-inf,-6.75668536643422e+33,-1.1037569035731157e+34
"(39, 22)",-inf,-inf,inf,-4.825549266587376e+35
"(39, 23)",-inf,-inf,-1.4891139996013742e+43,-4.138835362746404e+43
"(39, 24)",-inf,-inf,-2.6346366476975304e+26,-1.372606352453813e+27
"(39, 25)",-36409689506.69337,-inf,inf,-inf
"(39, 27)",-inf,-inf,-inf,2.517217857040301e+201
"(39, 28)",-inf,-inf,-21851329.12757232,4.447214377588904e+203
"(39, 29)",-inf,-inf,-32303323.156600475,3.6924583210131353e+205
"(39, 30)",-inf,-inf,-46599113.3916252,1.933298249919681e+207
"(39, 31)",7.291150931775041e+208,-inf,-63744142.16708423,-inf
"(39, 33)",-258680628.8624716,9.087908893525701e+221,-inf,-inf
"(39, 35)",1.0014682265013397e+209,3.242257661606554e+218,-inf,-inf
"(39, 37)",-inf,-5019635231.127193,-inf,2.3900550118998127e+211
"(39, 38)",-inf,-inf,-5562984975.546457,6.607753645457182e+209
"(39, 39)",-inf,-inf,-5931082364.421126,9.075564921337668e+207
"(39, 40)",-inf,-inf,-6383287330.877061,5.415839746150501e+207
"(39, 41)",-inf,3.2051951639267344e+207,-6709036751.513717,-inf
"(39, 43)",3.941832853920426e+175,-101186574.43938424,-inf,-inf
"(39, 45)",-inf,1.0294535479801444e+165,-inf,-inf
"(39, 47)",3.361682358867584e+181,-272712270.52786213,-inf,-inf
"(39, 49)",-inf,3.833264189929571e+184,-inf,-217017348.45421508
"(39, 50)",-inf,-inf,1.184323597388776e+185,-250753632.99001035
"(39, 51)",-inf,-inf,3.624420114018985e+185,-275466017.5601693
"(39, 52)",-inf,-inf,1.0987315061793316e+186,-282771553.47257406
"(39, 53)",-inf,-inf,3.299345377166976e+186,-255038195.7899675
"(39, 54)",-inf,-inf,9.814313431784515e+186,-223779330.91039425
"(39, 55)",-inf,-190265937.72059163,2.892007415200727e+187,-inf
"(39, 57)",-13386.44434443169,-13438.401689657763,-inf,1.2950448547128337e+32
"(39, 58)",-inf,-inf,-10326.577760420736,3.721025699889707e+31
"(39, 59)",-inf,-inf,-8146.739068236445,1.0270001382698004e+31
"(39, 60)",-inf,-inf,-6105.021491856335,2.6932655972517964e+30
"(39, 61)",1.2920646636869292e+16,-inf,-4782.807828536121,6.694690045622186e+29
"(39, 62)",-inf,-inf,-3762.479378846488,6.183541575599817e+27
"(39, 63)",199814248.3382077,5.035658868933788e+25,119507728282786.6,-inf
"(40, 1)",-7.992983220470227e+17,-9.503929412808602e+17,-inf,-inf
"(40, 3)",inf,-1.4431391515915944e+19,-inf,-inf
"(40, 9)",-1.612523304691469e+16,-3878522353728498.5,-inf,-inf
"(40, 11)",-8217021866805.257,-13418146668993.887,-inf,-inf
"(40, 15)",-9.022009090634236e+27,-6.271485555901347e+27,-inf,-inf
"(40, 33)",-214858052.17060423,3.411303300674089e+222,-inf,-inf
"(40, 35)",-4121013968.827298,1.2227131567846194e+219,-inf,-inf
"(40, 37)",5.72660752690356e+212,-4562309346.173046,-inf,-inf
"(40, 41)",-6879385236.596968,1.8811708924417492e+207,-inf,-inf
"(40, 43)",1.3899477121163338e+174,-76796121.32390887,-inf,-inf
"(40, 45)",-17238481.23149728,1.848528276705604e+167,-inf,-inf
"(40, 47)",1.119343587513816e+182,-237512021.62651065,-inf,-inf
"(40, 49)",-185295954.83580875,1.22885915777966e+184,-inf,-inf
"(40, 55)",8.44250495477272e+187,-163390196.96523273,-inf,-inf
"(40, 57)",3.1421871410369527e+31,-13432.324193330904,-inf,-inf
"(40, 63)",-1907.3605289902464,2.5880826038388232e+23,-inf,-inf
"(41, 1)",-371197917.53537714,-inf,-inf,-inf
"(41, 3)",inf,-2.2536316856391066e+23,-inf,-inf
"(41, 5)",-inf,-inf,-inf,-403823356.8452915
"(41, 6)",-inf,-inf,-3942664977341.1006,inf
"(41, 7)",-inf,-inf,-5577063493835010.0,-2679252031429976.0
"(41, 8)",-inf,-inf,-39871116611140.33,inf
"(41, 9)",-3117494192.5198383,-inf,-67644011205.76021,inf
"(41, 10)",-inf,-inf,-4006550037311986.0,-2000431060923714.0
"(41, 11)",inf,-inf,-5426695281.014466,-inf
"(41, 13)",-inf,-608359787611.5931,-inf,-609481405990.5449
"(41, 14)",-inf,-inf,inf,-4.6076020525077265e+30
"(41, 15)",-631217912931.7838,-inf,-629433151147.0591,-inf
"(41, 17)",-inf,3.966591530173023e+231,-inf,1.4952005706894466e+207
"(41, 18)",-inf,-inf,8.577244857945294e+230,-330697296.6611073
"(41, 19)",-inf,-inf,1.899074307921881e+230,-365143023.03322816
"(41, 20)",-inf,-inf,5.293137894100938e+229,-373314220.6567171
"(41, 21)",-inf,-inf,4.205015637084156e+229,-350756450.1600184
"(41, 22)",-inf,-inf,3.235290875916077e+229,-300483841.73378605
"(41, 23)",-inf,-258091845.25192207,2.411132342824548e+229,-inf
"(41, 25)",-inf,-inf,-inf,5.397572590196911e+223
"(41, 26)",-inf,-inf,-30198119.78638965,5.8964223946554236e+225
"(41, 27)",-inf,2.8534453919075698e+227,2.976716403074284e+199,-49750910.126023695
"(41, 28)",-inf,-inf,1.2791525966058483e+227,-62093095.32366428
"(41, 29)",-inf,-inf,5.528708874278996e+226,-72894752.37036882
"(41, 30)",-inf,-inf,2.2999005479145526e+226,-77696210.8329538
"(41, 31)",-inf,-73684727.47878674,9.177907237404679e+225,-inf
"(41, 33)",1.7375721819633245e+180,1.225761361481565e+223,-inf,-inf
"(41, 35)",-3686462411.5523176,3.98564594577993e+219,-inf,-inf
"(41, 37)",1.0225264975191112e+214,-4041228503.177087,-inf,-inf
"(41, 39)",-inf,3.618936590486683e+206,-inf,-5655638290.575429
"(41, 40)",-inf,-inf,6.321618336227917e+206,-6126426412.95832
"(41, 41)",-6543100076.882995,-inf,1.0950500388103876e+207,-inf
"(41, 43)",4.036966412841788e+172,-inf,-inf,-56453073.85179638
"(41, 44)",-inf,-inf,9.375545420491552e+170,-38561732.73609956
"(41, 45)",-26371136.314632896,-inf,1.611673616732596e+169,-inf
"(41, 47)",3.6916925453691895e+182,-inf,-inf,-209580033.8131652
"(41, 48)",-inf,-inf,1.2059351496716783e+183,-173251997.15437242
"(41, 49)",-152687567.28066546,-151754667.66719797,3.9015904370510346e+183,-inf
"(41, 51)",-inf,-inf,-inf,2.7012806618341847e+167
"(41, 52)",-inf,-inf,-9523458.161232509,5.228964132971995e+169
"(41, 53)",-inf,4.991482064434908e+171,-14564311.801617073,-inf
"(41, 55)",2.4418193780837322e+188,-133407781.56561103,-inf,-inf
"(41, 57)",3.906342758090499e+30,-inf,-inf,-inf
"(41, 59)",-inf,8.019903229375234e+191,-inf,-353018637.2081819
"(41, 60)",-inf,-inf,2.1110344905328168e+192,-419154393.64596295
"(41, 61)",-inf,-456545250.0783473,5.506469470316472e+192,-inf
"(41, 63)",-1425.8012457218383,1.1803751716421348e+21,-inf,-inf
"(42, 3)",-1.344011607674586e+33,-2.2271299009937395e+33,-inf,-inf
"(42, 13)",-1.7498528391741067e+38,inf,-inf,-inf
"(42, 17)",-229824380.9977153,1.4652583381977786e+232,-inf,-inf
"(42, 23)",1.7395535845150668e+229,-211928101.04858968,-inf,-inf
"(42, 27)",-65664654.937084384,5.840303962798505e+227,-inf,-inf
"(42, 31)",3.516883779479961e+225,-64331986.11361361,-inf,-inf
"(42, 33)",-136080544.3449141,4.205469046083539e+223,-inf,-inf
"(42, 35)",-3116838783.411298,1.1286563501162841e+220,-inf,-inf
"(42, 37)",1.4509824440205597e+215,-3525673065.267493,-inf,-inf
"(42, 39)",-4958971972.431408,2.0546031373439632e+206,-inf,-inf
"(42, 49)",2.1391392615352663e+182,-112477911.9921005,-inf,-inf
"(42, 53)",-21531604.490422133,3.1644835378965623e+173,-inf,-inf
"(42, 55)",6.996544581593675e+188,-112409827.85533383,-inf,-inf
"(42, 59)",-295179512.14470816,3.018732474259789e+191,-inf,-inf
"(42, 61)",1.4231471352042394e+193,-472439918.6533474,-inf,-inf
"(42, 63)",-1178.332353275086,4.70265256311258e+18,-inf,-inf
"(43, 1)",-inf,-9048819234.047009,-inf,-9020561803.625528
"(43, 2)",-inf,-inf,-5.661114453387791e+25,inf
"(43, 3)",-5714004643.524462,-inf,-5723626988.943553,-inf
"(43, 5)",-inf,-41087824467.38625,-inf,-41140533053.54524
"(43, 6)",-inf,-inf,inf,-1.627701138526433e+28
"(43, 7)",-inf,-inf,inf,-2.819418831704507e+36
"(43, 8)",-inf,-inf,inf,-2.332952721766069e+30
"(43, 9)",-inf,-inf,inf,-2.4656372948168236e+27
"(43, 10)",-inf,-inf,inf,-1.2765978819348358e+33
"(43, 11)",-inf,-115699242020.60176,-115632059129.20747,-inf
"(43, 13)",-1.5191013341644326e+28,-5.474695079894076e+27,-inf,-inf
"(43, 15)",-inf,-80128349.11222126,-inf,9.37119332518476e+231
"(43, 16)",-inf,-inf,-121962102.40576996,2.189591919101586e+232
"(43, 17)",-188397373.192288,4.096488082741331e+232,-188094792.2582496,-inf
"(43, 19)",-inf,1.7769516769190048e+223,-inf,-inf
"(43, 21)",-inf,-118010302.57854144,-inf,8.300291264098861e+226
"(43, 22)",-inf,-inf,-145382896.4052717,1.0736586818428462e+228
"(43, 23)",1.2153050792844772e+229,-inf,6.516619764193103e+205,-171377088.0818563
"(43, 24)",-inf,-inf,7.144593375751024e+228,-153932752.80903754
"(43, 25)",-inf,-inf,4.035054631000658e+228,-135657517.49146706
"(43, 26)",-inf,-inf,2.194062342062494e+228,-110945087.50148363
"(43, 27)",-88091773.01422518,-inf,1.1538114932796579e+228,-inf
"(43, 29)",-inf,-inf,-inf,2.160953349476721e+221
"(43, 30)",-inf,-inf,-31755554.42889558,2.3770016493981924e+223
"(43, 31)",1.2917893490453885e+225,-inf,-53532573.83192517,-53524407.75371038
"(43, 32)",-inf,-inf,4.3077356184578515e+224,2.9380298351703407e+194
"(43, 33)",-103952803.11023824,-inf,1.3759354657646875e+224,-inf
"(43, 35)",-2638529974.075819,2.790951332228779e+220,-inf,-inf
"(43, 37)",1.7042997176169326e+216,-3064052551.9146085,-inf,-inf
"(43, 39)",-4298552961.786293,-inf,-inf,1.15669193028626e+206
"(43, 40)",-inf,-inf,-3719283367.4719167,6.457597497502458e+205
"(43, 41)",-inf,-inf,-3338608881.1798577,3.575325428535978e+205
"(43, 42)",-inf,-inf,-2937917287.781893,1.9628874292895762e+205
"(43, 43)",-inf,-inf,-2555223542.160024,1.068600408473004e+205
"(43, 44)",-inf,-inf,-2214589502.142513,5.769329079164661e+204
"(43, 45)",-inf,-inf,-1865434383.056364,3.0879850281166296e+204
"(43, 46)",-inf,-inf,-1598188428.2821114,1.6390011723331676e+204
"(43, 47)",-inf,8.625047862101609e+203,-1390186077.1196225,-inf
"(43, 49)",1.0504177892365851e+181,-inf,-inf,-85581901.59121147
"(43, 50)",-inf,-inf,4.542635435282895e+179,-66892849.76480802
"(43, 51)",-inf,-inf,1.7112352999985396e+178,-53435802.21650016
"(43, 52)",-inf,-inf,5.493643105801716e+176,-42396629.58284056
"(43, 53)",-31345944.21477567,-inf,1.4700289230591715e+175,-inf
"(43, 55)",1.9861246629221285e+189,-98919800.20616928,-inf,-99837835.85187458
"(43, 56)",-inf,-inf,5.525469796181255e+189,-131383552.58642882
"(43, 57)",-inf,-inf,1.523391943584745e+190,-167810540.68787497
"(43, 58)",-inf,-inf,4.160689671767926e+190,-208249850.27491248
"(43, 59)",-248961455.1930473,-inf,1.125845492740079e+191,-inf
"(43, 61)",3.6446100123054182e+193,-449908612.835009,-inf,-inf
"(43, 63)",-453.9882775059264,1.6032148614394896e+16,-inf,-inf
"(44, 1)",inf,-1.0726416541958457e+23,-inf,-inf
"(44, 5)",-9.38776224725144e+26,-5.484677984316733e+26,-inf,-inf
"(44, 11)",-3.2921092549308423e+25,-5.369705307660049e+25,-inf,-inf
"(44, 13)",-3.53307260304046e+29,inf,-inf,-inf
"(44, 15)",3.091179288385509e+231,-53643791.15282254,-inf,-inf
"(44, 17)",-236760805.36461207,3.970940310408072e+232,-inf,-inf
"(44, 19)",-27892612.200566016,1.3307290756056626e+224,-inf,-inf
"(44, 21)",5.413011684657672e+225,-93005860.78557344,-inf,-inf
"(44, 35)",-2171955957.1960454,6.027247314252292e+220,-inf,-inf
"(44, 37)",1.7043352111389685e+217,-2701871807.233951,-inf,-inf
"(44, 47)",-1178950719.608826,4.501122524355088e+203,-inf,-inf
"(44, 55)",6.071708124561172e+187,-71772023.44604856,-inf,-inf
"(44, 61)",9.249973029377116e+193,-389312187.1486959,-inf,-inf
"(44, 63)",110.18630617428396,45470762871466.48,-inf,-inf
"(45, 1)",-1.7293506757974606e+29,-4.520237011662025e+29,-inf,-inf
"(45, 3)",-inf,-18312106780.7418,-inf,-18330030125.29805
"(45, 4)",-inf,-inf,inf,-8.991189854402991e+25
"(45, 5)",-28403253895.00542,-inf,-28370167931.32944,-inf
"(45, 7)",-inf,-inf,-inf,-191687546.3737164
"(45, 8)",-inf,-inf,-2.6977036158448246e+38,-2.145335527063302e+38
"(45, 9)",-inf,inf,-452557913.7803337,-inf
"(45, 11)",-3.7582808143406584e+38,-5.361271468859223e+38,-inf,-inf
"(45, 13)",-1.9575036669175538e+33,inf,-inf,-inf
"(45, 15)",7.2768745201068786e+230,-34754510.66175979,-inf,-inf
"(45, 17)",-295631641.27529085,3.2606250985213704e+232,-inf,-inf
"(45, 19)",-40286297.7551685,-inf,-inf,3.710739733838476e+224
"(45, 20)",-inf,-inf,-54743571.94748156,4.5857495600376646e+224
"(45, 21)",2.8245588869288133e+224,-inf,-72711235.52323823,-inf
"(45, 23)",-inf,-436163950.858289,-inf,6.26806733527362e+228
"(45, 24)",-inf,-inf,-356820625.8638758,3.8853118942577997e+228
"(45, 25)",-inf,2.3087482677905675e+228,2.084654697697699e+211,-inf
"(45, 27)",-inf,-176358383.5610473,-inf,3.555254864590782e+226
"(45, 28)",-inf,-inf,-221233103.8144565,1.448191741155846e+226
"(45, 29)",-inf,-inf,-276937196.4076547,5.5844569345506226e+225
"(45, 30)",-inf,-inf,-330411812.50806934,2.0336901186764668e+225
"(45, 31)",-inf,-inf,-385688189.1628317,6.977237231916237e+224
"(45, 32)",-inf,-inf,-468730013.897169,2.249107604109209e+224
"(45, 33)",-inf,6.790559319971109e+223,-577555039.7360941,-inf
"(45, 35)",-1850574756.9747047,1.1394177911017187e+221,-inf,-inf
"(45, 37)",1.4811452278496323e+218,-2350547930.979561,-inf,-inf
"(45, 39)",-inf,-60149365.98768017,-inf,1.490379231545832e+190
"(45, 40)",-inf,-inf,-80502066.127482,7.85575132952659e+191
"(45, 41)",-inf,-inf,-103500466.89839354,3.4674409153847656e+193
"(45, 42)",-inf,-inf,-137240800.010329,1.2964436923074583e+195
"(45, 43)",-inf,4.193221735274664e+196,-175803444.92639586,-inf
"(45, 45)",-inf,6.074953690286659e+202,-inf,-660662552.7276218
"(45, 46)",-inf,-inf,1.194590029595322e+203,-809202364.547736
"(45, 47)",-974775882.588879,-inf,2.3288682161316445e+203,-inf
"(45, 49)",-inf,-242296822.2667161,-inf,1.7352558471745267e+200
"(45, 50)",-inf,-inf,-190978399.19014248,7.97934075018412e+199
"(45, 51)",-inf,-inf,-153292286.45889655,3.637483019092439e+199
"(45, 52)",-inf,-inf,-116225800.6338369,1.6439017558698979e+199
"(45, 53)",-inf,7.364316666688622e+198,-83088112.61982653,-inf
"(45, 55)",1.485738332470545e+186,-inf,-inf,-51164707.547849424
"(45, 56)",-inf,-inf,2.8938277240787967e+184,-33777992.436387315
"(45, 57)",-inf,-inf,4.2063909956532995e+182,-22596037.35737116
"(45, 58)",-inf,-inf,4.0301646357607497e+180,-14998623.717679296
"(45, 59)",-inf,-inf,1.882294941066068e+178,-inf
"(45, 61)",2.326487700522216e+194,-341655499.98853445,-inf,-inf
"(45, 63)",124.63274768913467,102999664717.6014,-inf,-inf
"(46, 1)",inf,-1.3118180261022581e+23,-inf,-inf
"(46, 3)",-8.968082716011113e+40,inf,-inf,-inf
"(46, 9)",-2.2570804742859923e+28,-7.437862752362127e+27,-inf,-inf
"(46, 11)",-4.311377913313596e+25,-5.448947869391343e+25,-inf,-inf
"(46, 13)",-5.278520147733866e+23,inf,-inf,-inf
"(46, 15)",1.0662757406796806e+230,-22017682.03995197,-inf,-inf
"(46, 17)",-353681474.9616509,2.2135512433358058e+232,-inf,-inf
"(46, 23)",9.701748817581078e+228,-523054096.7955973,-inf,-inf
"(46, 25)",-225145088.87652427,1.3129557799579611e+228,-inf,-inf
"(46, 27)",8.28089195261288e+226,-138120022.76353016,-inf,-inf
"(46, 33)",-706902143.2328854,1.9141167525954173e+223,-inf,-inf
"(46, 35)",-1604953240.6722283,1.882861582004861e+221,-inf,-inf
"(46, 37)",1.136448027574074e+219,-2032257534.0600111,-inf,-inf
"(46, 39)",2.2639085477143085e+188,-43338233.47583488,-inf,-inf
"(46, 43)",-212550208.63762105,1.205836070678139e+198,-inf,-inf
"(46, 45)",-524743653.89296216,3.0627936980467462e+202,-inf,-inf
"(46, 49)",3.741488468264239e+200,-293800198.1785414,-inf,-inf
"(46, 53)",-62250760.19543717,3.270301240417412e+198,-inf,-inf
"(46, 61)",5.798577844667805e+194,-294504629.54119307,-inf,-inf
"(46, 63)",-320.13900000000007,174692340.12190002,-inf,-inf
"(47, 1)",inf,-inf,-inf,-13433677677.76726
"(47, 2)",-inf,-inf,-9.644174457796045e+25,-4.035991166090479e+26
"(47, 3)",-11309591154.257196,-inf,inf,-744168323233.8606
"(47, 4)",-inf,-inf,inf,-3.175866698286562e+21
"(47, 5)",-inf,-inf,-1.8101243408420908e+25,-3.2320250332017805e+25
"(47, 6)",-inf,-inf,-2.288837738651427e+28,-8.339510807946346e+28
"(47, 7)",-inf,-inf,inf,-3.3528306781292287e+31
"(47, 8)",-inf,-inf,inf,-1.1356310175196865e+25
"(47, 9)",-1128925930.4132693,-inf,inf,-inf
"(47, 11)",inf,-inf,-inf,-226440701957.8946
"(47, 12)",-inf,-inf,-1.4467125949623023e+42,-2.461472805732237e+42
"(47, 13)",-309453486985.93964,-inf,-309382603696.2963,-inf
"(47, 15)",7.220580555809082e+228,-inf,-inf,-inf
"(47, 17)",-417713010.3669936,-inf,-inf,1.2046380668647204e+232
"(47, 18)",-inf,-inf,-482830335.2293277,5.035238892757308e+231
"(47, 19)",-inf,-inf,-562696224.5695287,1.5148537994458434e+231
"(47, 20)",-inf,-inf,-621665768.260041,2.9131419069629176e+230
"(47, 21)",-inf,-inf,-644665649.6648942,2.8450702780323397e+229
"(47, 22)",-inf,-inf,-632969910.3015229,2.0654250876267388e+229
"(47, 23)",1.443754438297311e+229,-inf,-589661101.1203169,-inf
"(47, 25)",-174447784.73421445,-inf,-inf,7.1398269503968864e+227
"(47, 26)",-inf,-inf,-137405207.83613202,3.705515040082288e+227
"(47, 27)",1.8331412054034464e+227,-inf,-108813419.02295724,2.9258679881734294e+214
"(47, 28)",-inf,-inf,1.576847224774319e+226,-65136306.2777226
"(47, 29)",-inf,-inf,9.635622861938909e+224,-39159938.80682432
"(47, 30)",-inf,-inf,3.760859414217531e+223,-24411167.47676593
"(47, 31)",-inf,-inf,6.996454331732108e+221,-inf
"(47, 33)",-833729834.1000317,-inf,-inf,5.0171367536747946e+222
"(47, 34)",-inf,-inf,-1026087530.4938552,1.2175880811769193e+222
"(47, 35)",7.516746431586028e+215,-inf,-1355060453.896896,2.7206406411452014e+221
"(47, 36)",-inf,-inf,-1541254993.8960528,4.826446796770378e+220
"(47, 37)",7.794188822880028e+219,-inf,-1771084793.6991427,-inf
"(47, 39)",2.5483332753767087e+186,-inf,-inf,-29121982.49836617
"(47, 40)",-inf,-inf,1.862332972187424e+184,-19045121.121176496
"(47, 41)",-inf,-inf,6.690456275367018e+181,-inf
"(47, 43)",-258003780.1345609,-inf,-inf,3.0993657671747224e+199
"(47, 44)",-inf,-inf,-319925066.8374195,7.263200967981569e+200
"(47, 45)",-424195877.7906823,-inf,-421570485.0310598,1.5312876277253916e+202
"(47, 46)",-inf,-inf,-456473022.5609017,7.414575930704036e+201
"(47, 47)",-inf,-inf,-440848724.29566056,3.55944508326917e+201
"(47, 48)",-inf,-inf,-393370173.5689244,1.6943239736523168e+201
"(47, 49)",7.996093692686079e+200,-inf,-343631679.1644761,-inf
"(47, 51)",-inf,-inf,-inf,5.0289095977873295e+193
"(47, 52)",-inf,-inf,-26489826.20707748,1.2201882593770978e+196
"(47, 53)",-44201615.81088496,-inf,-44129013.07041795,1.4396264593971356e+198
"(47, 54)",-inf,-inf,-57577289.66733665,6.258736760287284e+197
"(47, 55)",-inf,-inf,-78151029.13013819,2.6969611653223422e+197
"(47, 56)",-inf,-inf,-101007119.87688628,1.151953908321792e+197
"(47, 57)",-inf,-inf,-125826312.2139822,4.8762396687464985e+196
"(47, 58)",-inf,-inf,-151530500.78218606,2.0460153456226017e+196
"(47, 59)",-inf,-inf,-181532768.5600617,8.508151514945865e+195
"(47, 60)",-inf,-inf,-215935284.82444784,3.5066463930518445e+195
"(47, 61)",1.432326670440965e+195,-inf,-251726863.0768504,-inf
"(47, 63)",-370.9980000000001,197195.24168859585,-inf,-inf
